5,"May 13, 2018"," The game it's self is awesome. It is also challenging it's self. But one 
recommendation for the app developer or developers if possible to do an 
update to where not to much ad pop ups but also I don't know if you guys 
also know that the ad's are like as a separate app of its own. Reason for 
me t...Full ReviewThe game it's self is awesome. It is also challenging it's self. But one 
recommendation for the app developer or developers if possible to do an 
update to where not to much ad pop ups but also I don't know if you guys 
also know that the ad's are like as a separate app of its own. Reason for 
me to say that is because when I kill task for any and all apps that are 
open the ad's is it's own window and it also has the little x in the right 
corner of it to weather if you want to close it or keep it open and 
running. Just to let you guys know if you wasn't already aware of it."
5,"June 4, 2018"," Totally addictive. Its not just about matching numbers as they happen. You 
have to make moves to get the numbers where you can match them without 
filling up the board too fast. There's a kind of Rubbicks cube element to 
that for me. Enjoy!"
4,"April 30, 2018"," We will have an interest till we get 2048..... We will also have greater 
than that.. Try to achieve greater numbers.... Do you all know this.....??? 
If we undo many times we can continue the game by dragging Another 
colour....ğŸ˜‚ğŸ˜‚ğŸ˜‚"
4,"January 25, 2018", It enables clarity while solving the puzzle and ensures qualitative measures not only in game but also in life. It envisages the future problems too... And take the appropriate steps to deal with.
4,"January 5, 2018"," The game is fun and you have to think about it, which I like. The only thing I don't like is the ads. There are so many ads in between games it gets annoying."
2,"February 15, 2018", The game doesn't make any sense to me. It's just boring no fun at all. Underrated logics
4,"December 14, 2017", Super addictive game...if u r nt irritated by seeing numbers....I tried it many times and finally made it which made soo happy cz i tried a lot. same thing u r doing but u will want to play it again n again.
5,"May 27, 2018"," Superb & addictive game. Been playing the 4x4 board for the past one week 
now trying to better my previous score. I like the fact you can undo & also 
save game to your cloud account. Presently passed... 2048, 4096, 8192.... 
32768 and now in 65536 with a total score of 1,430,236 Amazing!"
5,"June 4, 2018"," Bloody love this game! Sooo addictive.. keep trying to beat my own score! 
Be great to have a leaderboard to try & beat other people"
5,"May 6, 2018"," Easy set up haven't had any issues since I've downloaded. I'm not one to 
make comments about any apps this is worth it ..I'm a happy camper ."
4,"February 10, 2018"," Kind of addictive, always trying to beat your best score ! Good game. Only thing is there's so many adds..."
3,"December 24, 2017"," It's a good game, I liked it .But it's a little tricky for me because I'm a small girl of Mumbai age"
5,"January 21, 2018", Very addicting game... Could play all day if I didn't have to go to work
5,"June 10, 2018"," Its really fun. One of my favorite games. Maybe try to spice the graphics 
up a bit? Like put pictures and things lile that?"
5,"February 27, 2018", It's a simple game but quite tricky. It can be addictive too once we get close enough to no 2048. Just don't play it in classğŸ˜†
5,"March 21, 2018", Good and intresting. Play this game whenever u get bored.we can keep more interest on maths by this game and I won this game..
4,"April 3, 2018"," A game that I had wasted a lot of time on, it's fun. Far, far too many adverts though."
3,"December 5, 2017", It's not that hard level game i have installed it and complete 2048 need to build up app with some hard equation without Undo option....
5,"December 18, 2017", Many app choices for this type of game & I've downloaded a few but this one is definitely my fav. Not boring as some might think & definitely gets challenging but overall lot's of fun.
5,"January 6, 2018"," It's cool, I like how you can change the colour and grid size and stuff, but I think if you increase the grid size they should give you a goal, like 4x4 is the nml grid size and u get 2048, maybe 5x5 should have to get 4096 etc. But I like the game alot, I beat it afew times, was thinking that would...Full ReviewIt's cool, I like how you can change the colour and grid size and stuff, but I think if you increase the grid size they should give you a goal, like 4x4 is the nml grid size and u get 2048, maybe 5x5 should have to get 4096 etc. But I like the game alot, I beat it afew times, was thinking that would make the game more interesting."
4,"December 10, 2017", It's a good game and can keep u busy for long time and if u keep playing it's for of interesting and u will try out Ur level best to reach 2048 I have completed 1048 half of it and I'm loving it my whole family has this game and we all love it
1,"February 19, 2018", The constant ads made the game hardly playable. Uninstalled and going to find one I can actually play
5,"November 28, 2017"," I've always loved this game, and the undo button make it a lot easier to get higher scores"
5,"May 26, 2018"," This app is like a drug ! U can't stop yourself playing this game until 
your batte die!!"
4,"March 17, 2018", This game is better than others....  Because other games are improve stress but this only realesies stress....and improve logical Knowaldge.....
4,"May 28, 2018"," It's a very interesting game that people could play and fun This game helps 
get your mind off things"
5,"April 16, 2018"," Make it difficult my high score is 67020 , it mean 4096, 2048, 512 were were in the box so make it more interesting"
5,"April 14, 2018"," After long time, it will become boring.so add stages or task."
2,"April 6, 2018"," I found the advertising to be too heavy-handed. Plus, there is no way to buy the game and eliminate the ads. I will uninstall it and look for something else."
5,"January 26, 2018"," I'm happy with the updates, a great game to play when you want to keep your brain active."
5,"June 22, 2018"," I had made 4 times the game demand to win, that is 16384 in 6Ã—6 and 8192 in 
4Ã—4 and still I can score more but interest is no more"
5,"November 27, 2017", Really very entertaining game. I usually play it when the lecture is boring.
5,"December 31, 2017"," I play low handed games but when I played this game , I didn't fell necessity of playing any other game ğŸ˜˜ğŸ˜˜ğŸ˜˜"
4,"November 1, 2017", I like it because it keeps me mind of of things and cause its my kind of game to
5,"May 23, 2018", Can't stop trying to beat my previous score
5,"April 13, 2018"," A good puzzle for critical thinking. Challenging for adults but easy enough 
my 8yr old can play too."
5,"June 23, 2018"," Good for fidgeting..5 minute breaks. And I like that you don't lose your 
progress if you close the game."
5,"January 13, 2018", Good way to develop positive fiddling with phone... And its not addictive
1,"July 2, 2018", Annoying ad pop ups. I will uninstall it
5,"November 18, 2017"," 2048 is a fun game which has give me a great deal of enjoyment for quite some time now, the 6*6 is taking a lot longer than expected. Simple, fun and challenging. LOVE this game."
4,"December 4, 2017", Boring  free  game  ...not  a  brain  testing  game
5,"May 1, 2018"," I enjoy but I have only seen the one board. But it's fun!! A great way to 
pass the time!!"
5,"December 8, 2017"," I love the game lol my score is now +1 300 00 though, wish it was moneyğŸ˜‚"
5,"November 24, 2017", This game keep you super busyğŸ˜ m in love with this game
5,"January 14, 2018", It's really a good game. I got addicted but it's fine. You really give a small exercise to your brain
4,"December 25, 2017"," So many games of this type these days but it's simple, clear design is a nice change to see. No frills aesthetic and great!"
4,"June 29, 2018", Cool game ... Just the annoying ads that ruin itğŸ‘
5,"March 3, 2018"," Very addictive, beautiful bright graphics and very challenging. I love it!"
4,"March 29, 2018", Have not played long but I find it challenging
5,"April 18, 2018", It is soooo nic game that I have become mad for it
1,"April 27, 2018", A little boring game ğŸ˜ğŸ‡. I gave 1 star
5,"June 6, 2018"," This is an osm game. And it is hard to finish this game. But I'll try my 
level best to complete it"
1,"February 2, 2018", 2048 Standard is NOT to do new numbers other than 2. 4 is not standard for a new value.
5,"February 6, 2018", This is a very addicting game...unlike every other child's play this is something really different and demands a bit intelligence..
5,"May 29, 2018", This game help's me with concentration and pain management
4,"July 10, 2018", One way to kill the time while the brain is being sharpen...
5,"July 17, 2018"," I never get bored I only have two words ""GET IT ""ğŸ’œğŸ’œğŸ’œ"
5,"March 28, 2018", Its better than the original game You can undo your steps and so winning is easier
4,"November 8, 2017", Addictive game but would prefer no ads
5,"December 18, 2017", Awsome game loved it and will keep on loving this game the only Moto 2048..!!!
5,"June 10, 2018", I loved this game. But its very difficult to complt.ğŸ˜”ğŸ˜”
5,"March 28, 2018"," Superb game ..... finally lots of trial , I finished the game 2048.... it doesn't boring like other games ...."
3,"February 13, 2018"," The pop up ads are irritating but besides that, it's a very nice game"
4,"March 1, 2018", Not bad but hard to slide the blocks where you want them sometimes
4,"March 4, 2018", It very nice game and simlp and you can play with another person
5,"May 1, 2018"," Very nice and easy It refresh our mind A small technique to relecks 
ourselves"
4,"April 10, 2018", It gives another chance for move even if game gets over. Overall it's really good but except for ads..
5,"June 11, 2018"," Nice timepass game... Target is easily achievable... Best part is you can 
play beyond d Target... Good timepass game"
5,"November 20, 2017", Nice work by s2apps One of the best games Challenging every time
4,"December 10, 2017", Wen i thinking about something it's help ti me mind refresh game it's try
5,"March 13, 2018"," A very nice way to exercise the ""grey matter"". Challenging and fun. When you get the 2048 tile, the WIN feels great."
4,"June 28, 2018", Addictive. Do not start playing if you are like me addictive personality lol
5,"March 28, 2018", Loved it . Enjoying like anything. Best way to kill Ur time also... Must download it!
5,"June 13, 2018", I m addicted to this game â¤ğŸ˜
5,"November 23, 2017", Mental maths game it is very good and interesting game
5,"January 18, 2018", Addictive and definitely challenging game with bright user interface.. loved it
4,"April 11, 2018", Dont like numbers but like this game alot
4,"December 19, 2017", I am a numbers person so like trying to make it work. A 5x5 grid is easier than the default 4x4
5,"December 9, 2017"," This is an amazing app. I love playing it,especially, when things gone wrong with me."
3,"March 20, 2018"," Its good, but it can be made more better."
4,"December 8, 2017", Good when you are sitting down for 10 minutes.
5,"November 20, 2017", This is a good game and I like to playing.
5,"November 20, 2017", It is all in the mind that we couldn't win this game
5,"December 14, 2017", It helps me to relive from stress Love this game
5,"January 9, 2018", This game is awesome.. I just made a tile of 16384 and my high score is 211896. It is highly addictive game
5,"January 21, 2018", Totally addictive!! In love with this game! And it consumes less battery power as well!
5,"December 29, 2017", Very simple to play hard to reach highest number. Great game.
3,"July 2, 2018"," No leaderboard or goggle play, would be cool to see how I stack up against 
others"
4,"January 2, 2018", I liked it very much very addictive game n m happy as i finaaly reached the 2048 n my high score is 27508
5,"May 16, 2018", It's relaxing and challenging
5,"April 16, 2018", I am addicted to this game!!!ğŸ˜˜
5,"June 11, 2018", Awrsomely addictive boredom cure- unputdownable...
5,"March 1, 2018", I enjoy playing this game with my 7 year old grandson. We both enjoy the challenge. Keep up the good work.
5,"July 11, 2018", It's an amazing game to release our stress and to be relaxed
5,"January 26, 2018", Very addictive game!! Love playing it in my spare time! Wonderful strategic play!!
3,"July 17, 2018"," Great app, but way too many ads and there is no way to skip them"
5,"March 7, 2018"," I have got the Number ""262144"", Is I am the only one who got it?"
5,"December 12, 2017", Excellent puzzle game.u have to try it!!
4,"July 6, 2018", Quit good but I tired to play it when my data pack goes finish
5,"December 4, 2017"," Love this game. Please download it, it's really very good game"
5,"July 14, 2018"," This is very interesting game to accomplish 2048 score and I have finished 
that score and reach up to 25376...ğŸ‘ŒğŸ‘"
5,"December 3, 2017", It's really nice. Simple is addictive
5,"March 16, 2018", This game best to play when i'm boring.
2,"July 3, 2018", Way too many ads for a simple puzzle game. Not worth it
5,"December 28, 2017", Easy to play.. Addictive game.. Great simple layout.. Colors are great together
5,"December 25, 2017", This game is to open your brain must doit
4,"March 16, 2018", FUN WAY TO PASS  TIME..TRY A GAME!
5,"December 4, 2017", Brilliant work has been done on this game
4,"February 15, 2018", What is the highest score in the 4Ã—4 please reply
5,"November 23, 2017", Super easy to use and understand. Addictive and hard to put down. Always trying to beat my top score
5,"December 9, 2017", I think it is an addictive game I just loved it but I will be more happy if they have some levels
5,"November 24, 2017"," lovvv u 2048 ,im try 2 cr8 ur highest block â˜ºï¸"
5,"March 5, 2018", This is a fun game that u can play while travelling
5,"December 7, 2017", Just addictive and challenging! Thumbs up!
5,"January 3, 2018", Nice but cannot control
4,"November 23, 2017", I always love this game ğŸ’•
5,"May 5, 2018"," It is rather interesting if numbers dont scare you. Even if they do, you 
will like it."
5,"April 16, 2018", It is a perfect game when you are offline and bored . I am in love with it
5,"November 20, 2017", Adds r disturbing more
5,"July 1, 2018", The adds are quite annoying
4,"January 5, 2018", An awesome app for passing tym..
5,"December 28, 2017", So much fun..almost addicting
5,"December 29, 2017", Good timepass game
5,"March 10, 2018", Excellent time consuming game
5,"July 4, 2018"," I like the bright colors in the game play especially the one size bigger 
board it's addictive"
5,"December 11, 2017", Good time killer and addictive game
5,"March 17, 2018"," My high score is 131,072 in one tile"
5,"April 7, 2018", Superb game ...I really got addicted to this game
5,"December 20, 2017"," Amazingly simple, super hard :)"
5,"November 20, 2017", Uggggh so addicted!!!ğŸ˜„ğŸ˜„ğŸ˜„
5,"February 15, 2018", Simple yet very engaging with logics and strategy.
4,"February 23, 2018", I can't solve the 1st too it's diffecult   but i like it.
3,"March 8, 2018", Game s ok..but need to improve graphics n animations
3,"April 3, 2018", I like the game I play late at night when everyone  is in bed.
5,"April 3, 2018", Very challenging. Good way to pass Time
2,"January 25, 2018", this game is best no doubt- but this application is too slow.
5,"May 29, 2018", Its a addict!!! Its so cool and amazing. Great time pass!!!
5,"June 3, 2018", It's awesome my score 25000 points
5,"June 15, 2018", Its a very interesting game .if we play it once then we jst go on playing
4,"December 13, 2017", Improve the performance and decrease the ads please
5,"April 8, 2018", I like this game very much
5,"November 17, 2017", Muy buen juego para pasar el rato
5,"December 21, 2017", I think it's a good pastime... I liked this game
5,"March 5, 2018", Improves our capacity and tendency to score better marks in mathematics subject
4,"April 7, 2018", I think its a very time passing game
5,"December 11, 2017", I am addicted
5,"November 18, 2017", Nice but more improved
5,"December 31, 2017", This game is too good
5,"February 18, 2018", Very addictive love this game
5,"June 24, 2018", I have a small dream to complete this . I loveeeeeee this game
5,"December 28, 2017", It's very addictive ğŸ˜ Play it at your own risk. ğŸ˜‰
5,"May 14, 2018"," I was downloading another game, but when I saw this I download it"
5,"November 20, 2017", It's a fantastic gAme ğŸ˜ğŸ˜ğŸ˜
4,"April 27, 2018", Nice game and fun.But if you too much you'll be bored
5,"December 15, 2017", I love it moreover I would love to prefer it all those people who like these types of games
4,"July 13, 2018", gud n short brain freshing excercise
5,"February 14, 2018", Passes time so very well ğŸ‘
5,"February 23, 2018", Best way to time killing
3,"June 1, 2018"," It is fine to relax. It doesn't require a lot of thinking, which is 
sometimes what I need."
5,"May 12, 2018"," Its cooll...great time killer....if u have paticence....loved it I have 
done it till 8192..."
5,"February 2, 2018", It's TOUGH but AMAZING!
5,"July 1, 2018", Best games of all. Very good time killer. Addictive one awesome game
5,"December 3, 2017", I love this game very much. It helps to my brain more sharp.
5,"May 17, 2018", What about screen rotation to see bigger
5,"July 17, 2018", It's a game that is hard to put down
5,"November 11, 2017", Great combination of thinking and entertaining
5,"July 12, 2018", It's like a sharpener to the mind and gud fr kids 2....
5,"November 7, 2017", Makes you want to play all day and night. Very good game
4,"January 11, 2018", Gud game it's highly time pass
5,"April 10, 2018", I think ur company should provide some gifts for top scorers ğŸ˜€
5,"July 13, 2018", Cool app to escape from stressful world ğŸ˜‚
5,"November 23, 2017"," Love it, very addicting. Just download it and you will see kamsahamnida.."
5,"February 19, 2018", Time pass game. I like it
4,"April 16, 2018"," Like it but i calluleted à¤¯à¤¾ number,ğŸ˜˜"
5,"June 14, 2018", I scored 30908 in this game. Do anyone have better record?!
5,"December 29, 2017", Wonderful mindgame for concentration.
5,"March 13, 2018", Good game to play when you're bored.
3,"June 10, 2018", Tooooo many pop ups......
5,"December 28, 2017", It is a good game to kill the time.....
5,"December 24, 2017", Nice it will increase your I.Q
5,"March 4, 2018", Like I said 5 stars
5,"May 22, 2018", This app is sooooooo addicting and fun
5,"July 4, 2018"," It's awesome, I love ot. Keeps my brain sharp"
5,"December 15, 2017", à¤¸à¥à¤ªà¤° à¤¸à¥‡ à¤­à¥€ à¤‰à¤ªà¤°
5,"April 20, 2018", I lovecolors and numbers.....just the prefect game for me
5,"June 24, 2018", Best game to improve our mentality.
3,"June 26, 2018", It's a game for spare time
5,"November 1, 2017", Sir my fav game
5,"December 13, 2017", This game is very interestingğŸ˜
4,"March 21, 2018", Really I like this game
5,"May 16, 2018", You want to increase graphics
5,"June 1, 2018", I have made 16384
5,"July 12, 2018", Fantastic and super addictive...just can't stop playing
5,"January 1, 2018", This game is the best one.
5,"November 18, 2017", Great for killing time
5,"June 6, 2018", I loved this game
5,"January 16, 2018", Great way to pass time.
5,"December 3, 2017"," So addictive, so fun"
5,"December 30, 2017", It's a very nice game
5,"March 21, 2018", It is a stress relieving game.... âœŒğŸ‘
5,"March 26, 2018", Ø¹Ø§Ù„ÛŒÙ‡... ÛŒÙ‡ Ø¨Ø§Ø²ÛŒ ÙÚ©Ø±ÛŒ Ø¨Ø§Ø­Ø§Ù„
5,"July 13, 2018", It's a great and an addictive game I hope you enjoy it guys
5,"July 13, 2018"," It's a really wonderful game. Works perfectly. Teaches strategy and it's 
also addictive."
5,"April 2, 2018", Excellent this game..... I Loved play
5,"April 2, 2018"," Very good game, addictive game"
5,"March 22, 2018", Easy to get hooked!  I like this colorful version  better.
4,"March 28, 2018", It's a very fun game so anyone who wants to try it do so
4,"May 26, 2018", Good game and addicted.
1,"March 26, 2018", It's nonsense
5,"May 30, 2018", Its a nice game and with this games pepole can learn their counting
4,"November 6, 2017", I like this game ..â˜ºğŸ˜Š
4,"January 25, 2018", Improve my brain
4,"November 11, 2017", Good simple game
3,"November 6, 2017", Well its ok
1,"November 24, 2017", Too many adverts
4,"March 23, 2018", Nice game .. Mind shooter
5,"January 16, 2018", Its a relaxing and addicted game.
4,"March 12, 2018", This is a fun and colorful game...
4,"May 11, 2018", Very addicting!
5,"June 19, 2018"," Great app ,totally addicted"
5,"April 8, 2018", EXTREMELY ADDITIVE!
5,"April 10, 2018", Nice game... Can spend hours with it...
5,"April 28, 2018", I love this game. It makes me want to do better.
5,"June 14, 2018", Noy that much adds.. that's awesone. 10.
5,"June 12, 2018"," This is an addictive game if you're fond of playing with simple numbers... 
ğŸ˜€ğŸ˜€ğŸ˜€"
4,"May 17, 2018"," so addictive, its a mind exercise for me.. love it. ğŸ˜‰"
5,"June 12, 2018", Nice app for time passing...ğŸ˜€ğŸ˜€
5,"February 6, 2018", it offers a great brain workout
4,"April 22, 2018", Great but very addictive
5,"May 7, 2018", This games is best for mathamatic
5,"June 17, 2018", It's fun playing this game. I'm never bored playing it
5,"November 9, 2017", I love this game because it make our mind to thinking
5,"June 8, 2018", ÛŒÚ© Ø¨Ø§Ø²ÛŒ Ø®ÙˆØ¨ Ø¨Ø±Ø§ÛŒ..
4,"July 15, 2018", Too many ads.
5,"November 28, 2017", This is ossum game
5,"November 4, 2017", I like this game
5,"January 16, 2018", I like this game
5,"April 12, 2018", Bestt among the bestt
5,"April 28, 2018", Keeps you thinking
5,"May 8, 2018", I like the color
4,"November 15, 2017", Brainy game!!!
5,"November 2, 2017", I made it 4096
5,"December 6, 2017", More add .
4,"November 16, 2017", I've already played it before and I think that it is cool I approve it  Totally
5,"December 5, 2017", I made 4096
4,"February 18, 2018", Nyzz to freeup the mind
5,"February 27, 2018", Great to kill time or unwind
5,"March 3, 2018", Good pass time!!!
5,"March 10, 2018", I just like it
5,"April 7, 2018", it s time killer
5,"April 27, 2018", Leveling up concentration
5,"May 2, 2018", I like this game
5,"May 6, 2018", Helps pass time
5,"May 6, 2018", Makes you think
3,"May 30, 2018", Keeps me busy
5,"June 6, 2018", Osum time pass
4,"July 12, 2018", I like a lot
5,"April 21, 2018", stress buster...awsomeeeee!!!
4,"March 5, 2018", Like to play this game ğŸ˜˜ğŸ˜˜
5,"March 11, 2018", Different & very nice game
5,"March 18, 2018", So addictive. I can lose hours playing this. Love the colors.
5,"November 25, 2017", It is fun and addictive
5,"November 14, 2017", Great little timewaster
5,"November 22, 2017", Its fun to play
5,"December 7, 2017", I really loved it
5,"February 19, 2018", Realllyyyyy osm game...
5,"March 9, 2018", Its good for addition.
5,"June 5, 2018", Amazing!! Yeh ! I am able to make 2048. Love it
5,"July 7, 2018", This game is kinda educational at the same time it's fun
5,"January 2, 2018", It's a nice game
5,"January 13, 2018", It's a good game
5,"February 11, 2018", It's a good game
4,"February 24, 2018"," Great fun to pass an hour or so, easy to learn"
5,"March 9, 2018", It's a good game
5,"April 12, 2018", It's just amazing
4,"June 26, 2018"," Fun to play, keeps you busy, and your mind sharp.."
4,"February 20, 2018", Very good game.
5,"May 8, 2018", Fun & just the right amount of difficult
5,"July 17, 2018", It calms me and at the same time it's challenging.ğŸ˜‹
5,"March 10, 2018", It is very good  ğŸ˜™ğŸ˜™ğŸ˜™
5,"January 11, 2018", It is a very brilliant marvellous wonderful and learning game
5,"March 14, 2018", 2048 is a nice game to play as long as u c d pattern
5,"May 2, 2018", Superb mind refreshing game. My high score is 143444ğŸ¤˜ğŸ¤˜ğŸ¤˜
5,"May 6, 2018", It vas good but really easy for me
5,"June 19, 2018", Addictive fun that helps you think real good
5,"June 25, 2018", Addictive game but very much of a good timepass
5,"March 4, 2018", It helps to develop brain and is really interesting!
5,"May 6, 2018", Brain-teasing
5,"June 29, 2018", a good game. tricky and mathematical ğŸ˜ŠğŸ˜ŠğŸ˜ŠğŸ˜ŠğŸ˜ŠğŸ˜Š
4,"December 20, 2017", Supper &mind blowing game ğŸ˜ğŸ˜ğŸ˜ğŸ˜ğŸ˜‰
5,"November 23, 2017", Nyc game
5,"April 18, 2018", It's a really fun mathematical matching game.
5,"June 19, 2018", Best timepass ever..
5,"July 13, 2018", Very addictive. Simple but challenging. Nice clean graphics.
5,"January 29, 2018", Excellent game  Loved it and it awseme game  Keep it up 2048  ğŸ˜€ğŸ˜€ğŸ‘ğŸ‘
5,"February 19, 2018", Cool game.
5,"February 26, 2018", I love this game..
5,"May 10, 2018", I just love this game. What a companion ğŸ˜
5,"June 17, 2018"," Love the regular 2048 .. but the ""super"" is way better"
5,"January 6, 2018", It's a very wonderful game ... I am love in it
5,"January 29, 2018"," It's a good time pass, I like it ğŸ˜€"
5,"January 9, 2018", Very addicting don't want to stop playing
5,"February 9, 2018", Wonderful game..
5,"March 10, 2018", I love dis game its a good game for time pass ....must download....i looveeeeeee itttttğŸ˜˜ğŸ˜˜ğŸ˜˜ğŸ˜˜ğŸ˜˜ğŸ˜˜
5,"November 7, 2017", The best of the ones I have played.
5,"April 18, 2018", It's a game
5,"July 12, 2018", Great time killer. Really grate game
5,"January 8, 2018", Great fun!
4,"November 7, 2017", ğŸ˜ğŸ˜ğŸ˜
5,"December 1, 2017", Bst game
5,"October 31, 2017", Love it.
4,"February 9, 2018", A good time paas
5,"May 19, 2018", I love this gameğŸ˜ŠğŸ˜Š
5,"May 28, 2018", Great game!
5,"January 9, 2018"," Love the colours and the game itself, of course."
5,"January 12, 2018", Addicting!
3,"December 31, 2017", It's ok
5,"February 23, 2018", Its awesome game to sharp ur mind
4,"June 12, 2018", Math skills is a must but fun and addictive
5,"June 23, 2018", Maths is very important I like this game
5,"July 1, 2018", Nice game - Makes the brain work!
5,"June 29, 2018", Good time pass game with brain exercise
1,"December 30, 2017", Its bad
5,"May 4, 2018", Love this game. :)
5,"July 12, 2018"," What is the prize for highest score?? I am reach at 44,17,352*"
5,"December 15, 2017", Its a nice game i loved it       .....           .....
4,"May 5, 2018", It's fun to play. I play it almost everyday.
5,"July 13, 2018"," Great to play for strategy, a blast to play for speed."
5,"January 4, 2018", It's awesome ğŸ˜‡ğŸ˜™ğŸ˜™
5,"April 25, 2018", Amazing brain game....
5,"December 20, 2017", It's very entertaining and enthusiastic game
4,"June 22, 2018", I like it keeps me busy.. it's fun and free..
5,"January 26, 2018", Very good. Colorful and attractive game
4,"November 20, 2017"," Awesome, need to work on the undo though"
5,"December 25, 2017"," It's a fun game ,need to try it"
5,"April 20, 2018", It's good.
5,"January 2, 2018", Screen size big
5,"December 31, 2017", I love this game
4,"January 9, 2018", Very interesting game
4,"November 22, 2017", Its very interested
3,"December 22, 2017", Nice game for timepass
5,"January 13, 2018", Good mini game
5,"February 13, 2018", Mind blowing gameğŸ˜just loved it
5,"February 28, 2018", Fun addictive game
5,"March 11, 2018", Ur app is great
4,"March 8, 2018", This app is fun
5,"March 16, 2018", My daughter and I love this app.
5,"March 13, 2018", Excellent  just loved it
3,"March 15, 2018", Good time pass
5,"March 19, 2018", A great game
5,"April 15, 2018", 2048 awesome game
5,"April 19, 2018", Good for brain training
5,"April 19, 2018", Good time pass
5,"May 16, 2018", I liked it a lot
5,"May 18, 2018", Very good app
4,"May 21, 2018", Nice brain game
5,"May 29, 2018", Nice game to hang on with
5,"May 27, 2018", It was too good
5,"May 29, 2018", A fun game
4,"December 5, 2017", Great game what I've been looking for ğŸ‘ğŸ‘ğŸ‘Œ
4,"January 20, 2018", Amazing game... Very addictive Should try
5,"December 14, 2017"," Excellent graphics, awesome game!"
5,"November 3, 2017", Ø®ÛŒÙ„ÛŒ Ø¹Ø§Ø§Ø§Ø§Ø§Ø§Ù„ÛŒÙ‡
4,"December 26, 2017", Awsm game
5,"November 25, 2017", Liked it..ğŸ˜˜
4,"November 17, 2017", It is ok
4,"November 16, 2017", I like it
5,"November 26, 2017", Jaipal singh
3,"November 11, 2017", Its ok
5,"January 28, 2018", Bien hecho
5,"March 2, 2018", Made 4096
5,"April 23, 2018", Super addicting
4,"February 8, 2018", Beautiful game and most definitely worth it
4,"March 28, 2018", Would be more interesting with any music
5,"May 1, 2018", The colors are nice and the game is fun
5,"June 16, 2018", This is so good game for kids
5,"June 23, 2018", Its better than other game
5,"July 1, 2018"," AWESOME, keep's you thinking!"
1,"March 24, 2018", Baler game...
4,"March 29, 2018"," Basic. Easy to learn, hard to conquer."
5,"June 7, 2018", â¤â¤â¤â¤â¤â¤â¤â¤â¤â¤â¤â¤â¤â¤â¤â¤â¤â¤â¤
4,"December 15, 2017", Time pass
5,"January 27, 2018", Very entertaining.
5,"December 13, 2017", Love this game.
5,"June 15, 2018", Gud app
4,"June 25, 2018", Ok ok
5,"June 23, 2018", Super game
5,"June 25, 2018", Super gd
4,"July 1, 2018", Soopr app
5,"July 2, 2018", Owsome game
5,"July 10, 2018", Slagle Spalding
5,"July 11, 2018", Thinking improve
5,"February 15, 2018", AWESOME GAME  ğŸ˜ƒ
4,"April 17, 2018", Good game to pass some time..
5,"June 12, 2018", Excellent game for mind development.
5,"June 24, 2018", It's Awsome
4,"February 27, 2018", I love the simplicity of this game.
5,"June 18, 2018", Great game...really challenging and fun
5,"June 21, 2018", Its very nice game... my fav.
4,"February 27, 2018", Entertainment ğŸ‘Œ
4,"March 5, 2018", It's good
4,"April 14, 2018", addicted to play
5,"January 4, 2018", It's fun
4,"December 20, 2017", It's fun
5,"March 11, 2018", I love playing this game..!
5,"March 31, 2018", fab game. very addictive
5,"April 13, 2018", I just love this gameğŸ˜˜
5,"May 4, 2018", Good .....not bad
5,"July 12, 2018", I love the color update.
5,"January 17, 2018", Excellent game... I loved to play
5,"May 8, 2018", SuperğŸ˜š
5,"June 11, 2018", Very addictive. Love it!
5,"June 21, 2018", Nice game to play! ğŸ‘
4,"January 20, 2018", Help in improving calculation. ğŸ‘
5,"April 21, 2018", Its all fun!
5,"June 16, 2018", Very challenging and addictive!
5,"June 15, 2018", Exciting mind exercise!
5,"July 15, 2018", It is an interesting game!
5,"July 14, 2018", It's awesome it's challenging itself
5,"January 12, 2018", Best kivy game ever
5,"November 27, 2017", Just amazing and really challenging
5,"January 25, 2018", So many enjoyable i love it
5,"November 2, 2017", Its a really fantastic game
5,"December 27, 2017", Love this game big time
5,"December 30, 2017", Real brain work out
5,"February 2, 2018", Brain teasers I love it
5,"February 19, 2018", Addictive but in a good way
4,"February 27, 2018", A good time killer
5,"April 12, 2018", Good but hard game
5,"May 3, 2018", Very nice and interesting game
4,"May 14, 2018", Nice rendition of the game 2048
5,"May 26, 2018", Great time pass game
5,"June 14, 2018", Very nice I loved it
5,"June 23, 2018", A game to learn mathematics
4,"July 1, 2018", I think this game is addictive
5,"July 2, 2018", It addictive and I love it
4,"July 15, 2018", I really like this game
5,"July 12, 2018", I love the game personally
5,"March 5, 2018", Superb game. Very challenging.
5,"June 5, 2018", No ads ... yesss!!!ğŸ˜ŠğŸ˜Š
5,"November 11, 2017", Very enjoyable! Fun!
5,"January 3, 2018", Its fantastic
5,"December 2, 2017", Best one
5,"November 29, 2017", Awesome saucesome
5,"January 8, 2018", Good app
5,"November 30, 2017", Good game
5,"March 25, 2018", Superb app
4,"April 3, 2018", Rilex and nice
5,"May 8, 2018", Pretty good
5,"June 3, 2018", Awesome ğŸ˜ğŸ˜ğŸ’ğŸ’
4,"July 16, 2018", It's 2048...great mind game!!
5,"November 28, 2017", Superb game...
5,"June 13, 2018"," Challenging, addicting, fun!!"
5,"June 22, 2018", Addicted ğŸ¤©
5,"July 9, 2018", Has one undo. Works great. Colorful.....
4,"December 12, 2017", This is an amazing game.i love it
5,"June 21, 2018", Addicted..!!!!
5,"November 18, 2017", Ù…Ø¹Ø¹Ø¹Ø¹Ø¹Ø¹Ø¹Ø±Ø±Ø±Ø±Ø±Ø±Ø±Ú©Ú©Ú©Ú©Ú©Ú©Ú©Ú©Ú©Ú©Ú©Ù‡Ù‡Ù‡Ù‡Ù‡Ù‡
5,"February 6, 2018", Fabulus
3,"May 14, 2018", I think it's satisfactory
5,"May 22, 2018", Nice and entertaining game.
5,"June 29, 2018", Appreciate it ğŸ˜ŠğŸ˜‰ğŸ˜‰
4,"November 14, 2017", It's very wonderful game...
4,"May 29, 2018", It's a interesting game
4,"June 8, 2018", Very addicting and fun.
4,"July 3, 2018", It's an amazing game
5,"July 6, 2018", Fun and trivial
5,"January 19, 2018", Loved it!
4,"May 22, 2018", It's stress buster
5,"June 11, 2018", ğŸ˜ğŸ˜ğŸ˜
5,"July 3, 2018", Such a Great gameğŸ’œ
5,"July 12, 2018", Love it! Very addicting!!
5,"November 7, 2017", Can't put it down
5,"November 25, 2017", Addictive!
5,"December 30, 2017", Good Use of Time.
4,"December 17, 2017", It's a nice game
3,"July 17, 2018", It's good for tp
4,"November 12, 2017", Good time pass.
4,"November 9, 2017", Could be more 3D
5,"November 11, 2017"," Love it, it's addicting"
5,"February 27, 2018", Good app... Nice play
5,"November 18, 2017", Loved it! Loving it! Love it!!
5,"May 21, 2018", It's a nice game.
4,"June 13, 2018", Super and awesome game ğŸ˜ğŸ˜
5,"April 27, 2018", Love this game!
5,"June 29, 2018", Love this game!
5,"January 9, 2018", Awsem
5,"April 28, 2018", Funny
5,"May 20, 2018", Super
4,"June 27, 2018", Great game. Addicting.
5,"January 21, 2018", This is my favorite
5,"November 29, 2017", Addictive  and brilliant  game
4,"December 1, 2017", its nice game
4,"November 16, 2017", Good brain teaser
5,"November 5, 2017", I love this game
4,"December 8, 2017", I love game
5,"December 6, 2017", Relaxing chalangin  and enjoyable
5,"December 31, 2017", Good time pass
5,"January 2, 2018", Time spent by this app
5,"November 26, 2017", It is good for brain
5,"January 21, 2018", I LOVE IT
5,"February 15, 2018", Superb and not boring
5,"March 17, 2018", Nice game app
4,"March 14, 2018", Fun but challenging
5,"March 27, 2018", Great fun game
4,"April 1, 2018", Very addictive and challenging
5,"March 31, 2018", The Best game
5,"April 11, 2018", Nice puzzle game
5,"April 28, 2018", Very addictive game
5,"May 2, 2018", This game is amazing
5,"May 2, 2018", I love it game
5,"May 12, 2018", Great time pass
5,"May 10, 2018", Awesome mind game
5,"June 2, 2018", Good math game
5,"June 7, 2018", Very interesting game
4,"June 7, 2018", A challenging game
5,"June 11, 2018", Simple but good
5,"June 12, 2018", Awesome game yaar
5,"June 14, 2018", Good for stress release
3,"June 12, 2018", Need more level
5,"June 17, 2018", Very interesting game...
5,"June 15, 2018", Pretty fun game
4,"June 20, 2018", Very addictive and enjoyable
5,"June 23, 2018", Good time pass
5,"June 25, 2018", Great and very addictive
5,"June 27, 2018", Challenging as well as entertaining
5,"July 1, 2018", Good time pass
5,"July 4, 2018", Nice and totally addictive
5,"July 9, 2018", A relaxing game
5,"July 15, 2018", perfect past time
5,"July 18, 2018", Mind game challenging
5,"January 3, 2018", Loving this game
5,"December 23, 2017", Amazing game
5,"November 10, 2017", Good game
5,"June 4, 2018", Enjoy playing
5,"January 18, 2018", Love it t
5,"January 6, 2018", Interesting!!!!
5,"November 29, 2017", Nice game
5,"December 20, 2017", Good game
3,"November 28, 2017", It is interesting
5,"January 5, 2018", Its awesome
5,"December 9, 2017", I Love it
5,"December 25, 2017", Very good app..
5,"January 1, 2018", Good game
5,"November 30, 2017", Its awesome
5,"November 22, 2017", Good game
5,"February 6, 2018", Love this app
3,"February 23, 2018", Itx nice
5,"March 8, 2018", Awesome game
5,"March 18, 2018", Simple and timekilling
5,"March 23, 2018", Best app
5,"March 24, 2018", Nice game
3,"March 28, 2018", Games nice
5,"April 4, 2018", Nice game
5,"April 14, 2018", Nice game
5,"April 11, 2018", good game
5,"April 26, 2018", Awesome game
5,"May 9, 2018", Love this game
5,"June 3, 2018", Very fun
5,"June 9, 2018", Easy and good
5,"June 10, 2018", Nice game
5,"June 20, 2018", Good game
5,"June 29, 2018", Very good
4,"July 3, 2018", Good version
5,"February 6, 2018", Awesome game........
5,"April 11, 2018", It's awesome!!!!
5,"May 10, 2018", Amazing game....very addicting ğŸ‘ğŸ‘ğŸ‘
4,"December 2, 2017", Nice one.quite addictive
5,"January 10, 2018", Very great game...
3,"October 31, 2017", Taman
5,"December 9, 2017", Thanks
5,"January 25, 2018", addictive game ğŸ˜Š
5,"January 7, 2018", Ø¹Ø§Ø§Ø§Ø¢Ø§Ø§Ø§Ù„ÛŒÛŒÛŒÛŒ
5,"December 8, 2017", i  like it
5,"November 25, 2017", Super
5,"December 18, 2017", loooove it
5,"February 21, 2018", Gud
5,"March 7, 2018", Ø¹Ø§Ù„ÛŒÙ‡
5,"March 28, 2018", Super
5,"April 29, 2018", Ok
5,"May 1, 2018", ğŸ˜ğŸ˜ğŸ˜ğŸ˜ğŸ˜ğŸ˜ğŸ˜ğŸ˜
3,"May 1, 2018", Gud
5,"May 16, 2018", Supper
3,"May 18, 2018", Ok
5,"June 7, 2018", Super
4,"June 6, 2018", Ok
5,"June 27, 2018"," awesome, i like it"
5,"June 29, 2018", Addicting
3,"June 29, 2018", Like it
5,"July 12, 2018", awsmmmm
5,"December 24, 2017", Addictive!ğŸ˜€
4,"June 9, 2018", Love this game.
5,"July 7, 2018", Poopy and good
5,"July 9, 2018", Fun and easy.
5,"November 19, 2017", It's amazing
5,"June 16, 2018", Fun to play.
5,"July 7, 2018", Great app.
5,"December 12, 2017", ğŸ˜ğŸ˜ğŸ˜ğŸ˜ğŸ˜
5,"January 5, 2018", Love the colors
4,"March 8, 2018", It's good
4,"July 3, 2018", Fun game.
5,"November 15, 2017", â¤ï¸
5,"May 22, 2018", Cool game..love it..
5,"November 3, 2017", Love this game..
5,"June 10, 2018", Fantastic ...
5,"June 20, 2018", Best!
5,"April 14, 2018", Great!
5,"June 29, 2018", ğŸ‘ŒğŸ‘ŒğŸ‘Œ
5,"December 21, 2017", Love numbers ğŸ¤—ğŸ¤—ğŸ¤—ğŸ¤—ğŸ¤—
5,"March 11, 2018"," Addictive game,,"
5,"March 25, 2018", Superb!
5,"June 19, 2018", Excellent....
4,"December 21, 2017", Love it!
5,"March 23, 2018", Nice..
5,"March 4, 2018", Addictive!
5,"June 3, 2018", ğŸ˜ƒ nice game ğŸ˜ƒ
1,"May 28, 2018", Boring
5,"June 10, 2018", Addicted
5,"March 24, 2018", ğŸ˜™ğŸ˜ğŸ˜ğŸ˜ğŸ˜ğŸ˜ğŸ˜ğŸ˜
5,"July 8, 2018", ğŸ˜
5,"July 10, 2018", ğŸ’Ÿ
5,"January 2, 2018", Nice game
5,"December 2, 2017", Very nice
5,"November 18, 2017", It is good
5,"November 21, 2017", stress reliever
5,"December 17, 2017", addictive game
5,"January 25, 2018", Nice game
4,"January 2, 2018", I loved it
5,"November 15, 2017", I love it
5,"January 27, 2018", Best Game
5,"November 2, 2017", Nice game
5,"January 22, 2018", Best there is
5,"November 7, 2017", Im loveing it....
5,"November 19, 2017", I love it
5,"January 27, 2018", Best game
4,"January 30, 2018", Nice game
5,"February 2, 2018", Best game
4,"February 5, 2018", Love the game
5,"February 6, 2018", Brilliant game
3,"February 12, 2018", Not bad
4,"March 2, 2018", Fine and interesting
5,"March 1, 2018", Good game
5,"March 6, 2018", Interesting game
5,"March 11, 2018", I love it
4,"April 9, 2018", Excellent reviews
5,"April 12, 2018", great app
5,"April 18, 2018", Love this game
5,"April 27, 2018", Very good
5,"April 30, 2018", Favorite game
5,"May 7, 2018", Very nice
5,"May 4, 2018", Great version
5,"May 7, 2018", Amazing game
5,"May 9, 2018", Excellent gane
4,"May 16, 2018", Interesting game
4,"May 20, 2018", So addictive
4,"May 24, 2018", Easy one
4,"May 27, 2018", Nice game
5,"May 28, 2018", Nice game
5,"May 31, 2018", Nice game
5,"June 12, 2018", Good game
4,"June 21, 2018", Quite good
4,"June 20, 2018", Very addictive
5,"June 23, 2018", It is good
5,"June 23, 2018", Good game
5,"June 27, 2018", Great game
5,"June 29, 2018", Challenging and fun
5,"June 30, 2018", Good application
5,"July 4, 2018", Addictive!!!
5,"July 4, 2018", Its amazing
5,"July 4, 2018", SO CHALLENGING
5,"July 3, 2018", Great fun
5,"July 4, 2018", Good for children
5,"July 9, 2018", Soooo addictive
5,"July 9, 2018", Good for maths
5,"July 15, 2018", Love this game
5,"July 16, 2018", Good game
5,"July 13, 2018", Good game
5,"July 15, 2018", Its great
4,"July 13, 2018", Love this game
5,"July 16, 2018", Seriously addictive
5,"July 17, 2018", I loved it
4,"July 17, 2018", Its good
5,"July 18, 2018", Good game
5,"May 28, 2018", Nice game...
5,"November 28, 2017", Cool
4,"December 24, 2017", Good
5,"January 20, 2018", Nice
5,"December 29, 2017", Amazing
5,"February 13, 2018", Love it
5,"June 3, 2018", GoooooodğŸ˜ğŸ˜ğŸ˜
5,"June 8, 2018", Addicted
5,"June 23, 2018", bad
5,"June 23, 2018", Addicted
5,"November 1, 2017", Luv that GameğŸ’ğŸ’ğŸ’
5,"November 27, 2017", ADDICTIVE ğŸ˜
5,"January 1, 2018", Best
5,"January 27, 2018", Interesting
5,"December 1, 2017", Great
5,"December 27, 2017", it is amazing
5,"December 4, 2017", Best
4,"February 20, 2018", Nice
5,"February 28, 2018", Nice
5,"April 2, 2018", Awesome
5,"April 15, 2018", Cool
4,"April 20, 2018", Good
5,"April 20, 2018", Nice
5,"May 2, 2018", Amazing
5,"May 4, 2018", Nice
5,"November 14, 2017", Love it..
5,"April 4, 2018", Good.  Good.. Good... Good.... Good..... Good...... Good.......
4,"February 18, 2018", Addictive....
5,"June 14, 2018", *****ğŸ‘ğŸ‘
5,"January 4, 2018", Thoughtful
5,"November 15, 2017", Good
5,"December 16, 2017", Awesome
5,"December 4, 2017", Best
4,"January 12, 2018", Loves it
5,"November 16, 2017", Awesome
5,"December 5, 2017", awesome
4,"December 16, 2017", Good
4,"November 20, 2017", Addictive
4,"November 26, 2017", Good
5,"December 10, 2017", Good
4,"December 15, 2017", nicer
5,"December 10, 2017", Addictive
5,"November 30, 2017", Good
5,"November 22, 2017", Awesome
5,"December 5, 2017", Fabulous
5,"November 20, 2017", Good
5,"December 31, 2017", Nice
5,"December 18, 2017", Awesome
5,"November 18, 2017", Good
5,"January 17, 2018", Interesting
3,"January 2, 2018", Interesting
4,"November 10, 2017", Nice
5,"February 1, 2018", Love it
5,"January 29, 2018", Loving it
5,"February 5, 2018", Fantastic
4,"February 6, 2018", Good
5,"February 16, 2018", Awesome
4,"February 13, 2018", Good
5,"February 16, 2018", Loved it
5,"February 21, 2018", Good
5,"March 2, 2018", Awesome
5,"March 3, 2018", Awesome
4,"March 18, 2018", Good
5,"March 13, 2018", Amazing
5,"March 17, 2018", good
5,"March 15, 2018", Good
5,"March 19, 2018", Good
4,"March 20, 2018", Nice
5,"March 23, 2018", Loved it
5,"March 26, 2018", Lovely
4,"March 29, 2018", Great
5,"April 1, 2018", Nice
5,"April 7, 2018", Fun
5,"April 7, 2018", Good
5,"April 11, 2018", Entertaining
5,"April 10, 2018", Good
5,"April 13, 2018", Good
4,"April 19, 2018", Good
4,"April 19, 2018", Nice
5,"April 19, 2018", Nice
5,"April 27, 2018", Enjoying
4,"April 29, 2018", Addictive
4,"May 2, 2018", Nice
5,"May 3, 2018", Awesome
5,"May 4, 2018", Awesome
5,"May 6, 2018", Addictive
4,"May 8, 2018", Fun
5,"May 11, 2018", Fantastic
3,"May 15, 2018", Good
5,"May 18, 2018", Superior
5,"May 19, 2018", Good
5,"May 23, 2018", Nice
4,"May 24, 2018", Good
5,"May 31, 2018", Awesome
5,"June 2, 2018", Good
4,"June 9, 2018", Addictive
5,"June 9, 2018", good
5,"June 16, 2018", Awesome
5,"June 19, 2018", Nice
5,"June 25, 2018", Superb
3,"June 24, 2018", Good
4,"June 22, 2018", Great
5,"June 22, 2018", Addictive
5,"June 25, 2018", Great
5,"June 24, 2018", Interesting
5,"June 27, 2018", Interesting
5,"June 29, 2018", Fabulous
5,"June 29, 2018", Nice
5,"June 29, 2018", Good
5,"July 2, 2018", Good
4,"July 8, 2018", Good
5,"July 9, 2018", Perfect it is
5,"July 16, 2018", Happy
5,"July 16, 2018", Love it
4,"July 11, 2018", Good
5,"July 14, 2018", Love it
5,"July 17, 2018", Addictive
4,"June 1, 2018", Nice...
5,"November 3, 2017", Excellent    Excellent
5,"July 13, 2018", Superb.....
4,"December 7, 2017",Ø¨Ø§Ø²ÛŒ Ø®ÙˆØ¨ÛŒÙ‡ like boos 
4,"October 27, 2017", Fun and addicting. It makes the time go by less painfully.
5,"October 21, 2017", Best game ever played
5,"October 30, 2017", So fun only some colors are so similar to eachother
4,"October 24, 2017", Update the app to 5x5 and provide the home screen too for settings and all...
4,"October 27, 2017", Seems clumsy to swipe
5,"October 26, 2017"," Best game n addictive, play it n u will love it"
4,"November 1, 2017", Amazing game.... just love it
5,"October 21, 2017", It.was amazimg
5,"October 22, 2017", Its Awesom
5,"October 29, 2017", Fun game! Kind of addictive ğŸ˜
5,"October 25, 2017", Superb Game....Every Free time is 2048 timeğŸ˜ğŸ˜ğŸ˜ğŸ˜ğŸ˜
5,"October 25, 2017", Great game!
4,"October 25, 2017", Interesting game
5,"October 25, 2017", Additive
5,"October 25, 2017", Super
4,"October 25, 2017", Like it
4,"October 27, 2017", Chill
4,"October 28, 2017", ğŸ‘ŒğŸ‘ŒğŸ‘Œ
5,"October 29, 2017", Love itğŸ’•ğŸ’
3,"October 25, 2017", Best game
4,"October 30, 2017", Awesome gameğŸ˜ŠğŸ˜ŠğŸ˜Š
5,"October 21, 2017", Addictive
5,"October 24, 2017", Awesome
5,"October 27, 2017", Cool
5,"October 25, 2017", Good
5,"October 27, 2017", Addictive
5,"November 17, 2017", Best
2,"March 2, 2017"," While I love the game and how you can change the size of the board and the background color, the fact that every time I closed out of the game or the screen timed out I would have to restart the level. I am uninstalling this game and going to try a different one. It was so very frustrating!"
4,"April 4, 2017", Would have given the game 5 stars. But I have reached a score of over 1 200 000 only to have it reset to a mere 25 000. And this is not the first time my score gets reset. I see a few other users have the same issue. I hope the developer will offer a solution sooner.
3,"February 26, 2016","GAME RESETS I love playing this game and seeing if I can beat my high score. However, the game has reset several times recently while I'm playing.  I will put my phone down to do something (quickly, while leaving the screen on) and when I pick it back up, my game will be gone. It seems to happen since all of th...Full ReviewI love playing this game and seeing if I can beat my high score. However, the game has reset several times recently while I'm playing.  I will put my phone down to do something (quickly, while leaving the screen on) and when I pick it back up, my game will be gone. It seems to happen since all of the ads have been put on."
5,"June 27, 2016","Love it. So relaxing & gets your mind off other things.    Only bad part, I Can't Lay IT down. Just one more  game seems to turn in several more. Got a high score in the 55000 s with 2 2048s . Enjoy  it much."
4,"July 26, 2017"," I love the game. I love being able to choose the board size and color scheme. The ads oft times crash the game. After finishing, it oft times freezes, so that I cannot start a new game until I restart my device. Those issues need to be addressed."
3,"December 20, 2016",Love this game BUT Love this game but it automatically erases everything that you've done when I accidentally turn the phone sometimes to landscape. Very frustrating bcz I got a really good score. Other than that it would be 5*
3,"August 5, 2016","Nice game, less Ads would be great! Sudden Video Ads pop up while you play the game. Otherwise nice game, attractive colours and UI. If Ads annoy you, take one without Ads otherwise this is a nice smooth app to use."
4,"October 15, 2017"," Too many bugs. When you minimize the game freezes at times. Couldn't continue with one of my games when reaching 2048. Otherwise, the app is great."
5,"June 8, 2016"," Haven't  had any issues. Don't  like the ads but I  know they are necessary to help pay for costs. Great game to pass the time, lots of fun!"
2,"January 8, 2017","Very Buggy This is a great version of the game, but constant ads and loss of progress are very frustrating. Its to bad there isn't a pro version with save."
5,"April 12, 2016",Amazing Really good and fun but u can only go back once but it's not that big of a deal. I love it though and is really addictive. You can change the colour as well which is cool
5,"September 28, 2016",This shiz is badass I can not stop playing this game. My family is starving and i can't PUT IT DOWN
4,"August 8, 2016",Colorful and relaxing I love it that the tiles come in different colors. The interface feels smooth and fast. At times a little too fast but it's still better than similar games that lag.
4,"May 22, 2016","Like it but has some issues I like the fact of different board sizes, but do not like how it will reset itself and the amount of ads"
5,"February 27, 2017", Its addictive. I have no other words... I would just sit and play when I am bored.
4,"December 2, 2016",Great game Can't find reset button once I've won a game but other than that love it
5,"March 19, 2016","Colerfull Distinctive colors make matching easier.  The default touch sensitivity is very good with a low error rate when swipping.  I've played a couple different versions, and so far, I like this the best."
4,"October 9, 2017"," The game is fine and helps to lose track of time but it is not challenging enough. I have reached a score of more than 2,000,000 and I am beginning to lose interest in it."
1,"December 1, 2016","Now it plays audio ads and resets your games by itself. It still has sensitivity issues, despite an ""adjustment"". 1 swipe sometimes gives 2-3 moves, with only 1 undo. Nice. Hit RESET by accident instead of UNDO on the GAME OVER splash screen, and it resets with NO verify. Fun after 2 weeks and a 7-digit score. Now it plays AUDIO ads to wake sleeping spou...Full ReviewIt still has sensitivity issues, despite an ""adjustment"". 1 swipe sometimes gives 2-3 moves, with only 1 undo. Nice. Hit RESET by accident instead of UNDO on the GAME OVER splash screen, and it resets with NO verify. Fun after 2 weeks and a 7-digit score. Now it plays AUDIO ads to wake sleeping spouses, plus more ads whenever it starts or receives focus. And today, it reset my current 800,000+ game BY ITSELF. I tried to give this a second chance; now it's even WORSE. Use tpcstld's ad-free and bug-free 2048."
5,"February 5, 2016", Great game. Helps with the passing of time. The only problem is by the time you look it's been hours highly addictive awesome my 7 year old loves it and has been learning adding
5,"August 5, 2016",Love this game This is a very addictive game I've run into no issues with glitches or bugs. Hours of fun
5,"October 2, 2017", I really loved the game. You can never stop challenging yourself whenever you play it! I couldn't even concentrate on my work due to it !
5,"July 12, 2017"," It helps me with my anxiety because its easy enough to avoid frustration, but difficult enough to keep me absorbed in it."
5,"August 15, 2016",Love nd hate Loving when I gets close to 2k..to turn and hate it when the squares gets blocked and game is over...Im hooked on the challenge
5,"September 28, 2016",Ø¹Ø§Ù„ÛŒÙ‡ Ø¨Ø³ÛŒØ§Ø± Ø¹Ø§Ù„ÛŒ Ø¯ÙˆØ³ØªØ§Ù† Ø¨Ø§Ø²ÛŒ ÙÚ©Ø±ÛŒ Ø¹Ø§Ù„ÛŒ Û²Û°Û´Û¸Ø¨Ø§ Ø±Ù†Ú¯ Ø¨Ù†Ø¯ÛŒ Ùˆ Ø±ÙˆØ²ÙˆÙ„ÛŒØ´Ù† Ù…ØªÙØ§ÙˆØª ØªØ± Ø§Ø² Ø±Ù‚Ø¨Ø§ÛŒ Ø®ÙˆØ¯ Ù…Ù† ØªÙ…Ø§Ù…ÛŒ Ø¨Ø§Ø²ÛŒØ´Ùˆ Ø¯Ø§Ø±Ù… Ø§ÛŒÙ† Ù†Ù…ÙˆÙ†Ù‡ Ø¨Ù‡ØªØ±ÛŒÙ†Ù‡ Ùˆ Ø²Ø¨Ø§Ù† ÙØ§Ø±Ø³ÛŒ Ù‡Ù… Ø¯Ø§Ø±Ù‡
1,"March 7, 2016","Ğ’Ğ°Ğ»ĞµÑ€Ğ¸Ğ¹ Ğ¡Ğ¾Ğ²ÑĞµĞ¼ Ğ´Ğ¾Ğ»Ğ±Ğ°Ğ½ÑƒĞ»Ğ¸ÑÑŒ Ñ Ñ€ĞµĞºĞ»Ğ°Ğ¼Ğ¾Ğ¹, Ğ·Ğ°Ğ¿ÑƒÑÑ‚Ğ¸Ğ» Ğ¸Ğ³Ñ€Ñƒ Ğ¸ Ğ² 12 Ğ½Ğ¾Ñ‡Ğ¸ Ğ½Ğ°Ñ‡Ğ°Ğ»Ğ° Ğ¾Ñ€Ğ°Ñ‚ÑŒ Ğ½Ğ° Ğ²ÑÑ ĞºĞ²Ğ°Ñ€Ñ‚Ğ¸Ñ€Ñƒ. Ğ•ÑĞ»Ğ¸ Ñ‡ĞµÑ€ĞµĞ· Ğ´ĞµĞ½ÑŒ Ğ½Ğµ Ğ¿Ñ€Ğ¾Ğ¿ÑƒÑÑ‚Ğ¸Ñ‚ ÑĞ½ĞµÑÑƒ. Ğ¡Ñ‚Ğ°Ğ²Ğ¸Ñ‚ÑŒ Ğ½Ğµ Ñ€ĞµĞºĞ¾Ğ¼ĞµĞ½Ğ´ÑƒÑ."
4,"May 12, 2017", I really like this app but too many ads and it tends to have a hard time starting a new game once you have played and you want to start another game.
5,"May 12, 2017", Fun and addicting.  No annoying pop-ups!!!
5,"September 9, 2017"," Great, very relaxing. The ads are annoying, but not enough to make me delete the app."
1,"April 4, 2017", Game keeps restarting. Really annoying when your score is over 1.7million. I am going to uninstall it and try another version.
3,"January 20, 2017", I love playing this game.  However during game play it randomly restarts the game back to the beginning which is highly frustrating
1,"March 24, 2016",Shitty Can't exit the game if I do it starts over also why in the world would you place ads in game when the real version doesn't have it it seems like they want you to just download the original
5,"November 16, 2016", How far can you score?  2048 ? well I reached 16384 and still didn't finish the game... so let's see how far can I reach
4,"March 18, 2017"," It gives board sizes uptp 12 unlike many others , along with different themes & tap to undo support . But the tap to undo feature seldom doesn't work . & the loading of the game is slower than others ."
5,"March 26, 2016","This game will give you a disease, it's so SICK!! Mind controlling and too fun....."
3,"May 30, 2017", Good game. A few glitches but doesn't bother me too much.
5,"October 4, 2017", This too addicting for a puzzle lover beware if u are looking for a short break from the program you are writing lol
5,"October 16, 2017"," Really nice game. I like the fact that you can set the board to any size you want. I'll suggest you add more bright colours and also, the undo button should be able to be disabled."
4,"August 2, 2016", It lacks brick colors when after you achieve 2048.
5,"April 26, 2017", It's a awesome game and if U  play with some tricks u can score beyond 2048
5,"March 23, 2017", Great fun! Really hard to put down once you start!
4,"April 27, 2016",Suhas Good except that too many ads. Reached 65536 then it reset it self to start.
5,"October 6, 2016",Nice game ever made The less ads made us feel enjoy now I 'm giving 5 stars because of the game quality.This should be the best game of 2048 from the others.
5,"April 4, 2016","BEST GAME EVER!! Liked it because you can go more than 2048 and my recent number is 16348 and my score is more than 150000, and you can undo, try bigger and smaller sizes!"
4,"June 16, 2017", Great game.. addicted
5,"February 16, 2017", Ø¨Ø§Ø²ÛŒ Ø®ÙˆØ¨ÛŒÙ‡ ÙˆÙ„ÛŒ Ù…Ù† Ù†Ù…ÛŒØªÙˆÙ†Ù… Ø±Ú©ÙˆØ±Ø¯Ù…Ùˆ Ø¨Ø§ Ø¨Ù‚ÛŒÙ‡ Ú©Ø³Ø§Ù†ÛŒ Ú©Ù‡ Ø§ÛŒÙ† Ø¨Ø§Ø²ÛŒØ±Ùˆ Ø§Ù†Ø¬Ø§Ù… Ø¯Ø§Ø¯Ù† Ù…Ù‚Ø§ÛŒØ³Ù‡ Ú©Ù†Ù… Ù‚Ø¨Ù„Ø§ ØªÙˆ Ù†ÙˆØ¹ Ø³Ø§Ø¯Ù‡ ØªØ± Ø§ÛŒÙ† Ø¨Ø§Ø²ÛŒ Ø§ÛŒÙ† Ø§Ù…Ú©Ø§Ù† ÙˆØ¬ÙˆØ¯ Ø¯Ø§Ø´Øª!
5,"January 5, 2017",Super game It's very easy to play and it is a brainy game.. Really very interesting to play... Addiction game..
4,"May 15, 2016", Very good experience with a few minor problems
5,"March 27, 2016",Nice Keeps me busy when I'm bored...I never get bored of it
5,"September 26, 2017", I like how you can pick your game back up where you left off if you have to stop playing for a period of time. I also like the bright fun colors.
5,"September 22, 2017","Pretty cool app I really like it, I might get a little obsession with this game"
5,"May 27, 2017", Love the game.  The ads are offensive!!!!
5,"October 14, 2016","Yazzz Simple, free 2048. Like this one better than others because of the colors. Very cool."
2,"March 21, 2017"," Fullscreen ads with video and loud sounds. Hated, deleted."
5,"February 9, 2016", I can't quit playing this and don't even care. This is the best 2048.
5,"January 27, 2016",Highly Addictive I've played this game for hours and hadn't realized it.
5,"January 22, 2017", Just can't take my hands off this. It's that addictive. Good job guys
5,"July 21, 2017", I just love this app its awesome i hav no words to explain this app... I just loved it  who is the creator of this app handsoff him or her
5,"August 10, 2016", Have played other versions. Colors make it easier to see where you're going.
1,"March 16, 2017", I liked it at first but twice I couldn't get out of last game and had to reinstall thus losing my score
5,"July 13, 2017", Simple... i'm addicted?
5,"April 9, 2016", Tried plenty of 2048 but this is the only one I got 2048 on so yeah I like it
5,"November 3, 2016",Relaxing Love to play just before bed to clear my head. I like the bigger grid to relax and the smaller grid for a challenge.
1,"October 6, 2017", To much rage Not happy
3,"March 2, 2016", Too many adverts and pop ups but otherwise good fun
1,"April 29, 2016", Hell lot of advertisements and hangs a lot.
5,"June 3, 2016",Fun Game I really enjoy playing 2048
5,"June 20, 2017", Made 4096...change the game name
5,"September 17, 2017", Ø¹Ø§Ù„ÛŒÙ‡ Ù…Ù† Ø¹Ø§Ø´Ù‚ Ø§ÛŒÙ† Ø¨Ø§Ø²ÛŒÙ… ÙˆÙ„ÛŒ Ú©Ø§Ø´Ú©ÛŒ Ù…ÛŒ Ø´Ø¯ Ø±Ú©ÙˆØ±Ø¯Ù… Ø¨Ø§Ù„Ø§ØªØ± Ø¨Ø±Ù‡ ğŸ˜¥
5,"July 29, 2017", Addicted to it. Fun brain teaser.
5,"October 24, 2016",Love it Can not win but love it
5,"July 24, 2017", very relaxing game..
4,"July 29, 2016",Fun Frustrating sometimes!! But a fun challenge.
3,"February 18, 2017", This game is interested   I like this game  Its also a mind blowing
5,"June 19, 2016",Loved it Very addicted game
4,"August 10, 2016",Good game I use it as a time waster
5,"July 25, 2017", Nice game  I have reached 2048 many times and I got 4096 too. I am too excited because the game name is 2048 and I reached 4096
5,"July 1, 2017", It's an awesome game...makes u think n use ur brain...it's just like a stress buster....love this game
5,"September 25, 2016",Fun fun Love the colors its an awesome version play this game youll be addicted!!
3,"April 7, 2017", It is not so good
1,"August 4, 2017", Didn't save my last game and I was almost at the 30k+ part
5,"February 25, 2016","M loving it.. I loved it.. It's awesome, and got lots of themes which makes d game more interesting.."
5,"September 4, 2017", Please don't make no changes it's a good game as is love it wish it cover the whole screen
4,"September 15, 2016",Helps me pass the time. Also exercises my brain.
5,"April 23, 2017", It's a very fantastic game my opinion is to all install  the game make your brain refresh thankyou
5,"October 3, 2016",Excelente Me encanta.. entretiene bastante y los anuncios no molestan
5,"July 28, 2016",Addictive!!! I downloaded the game & I can't stop playing
4,"July 25, 2016",Addictive Can't stop when you start.
5,"July 6, 2017", The best game  I have ever seen You people must try once
5,"February 15, 2017"," 16384 points sucessfully achieved, after many attempts."
5,"August 31, 2017", Wish I could back up several moves
4,"August 20, 2016"," Very addictive and colourful, I only hate the ADS!"
4,"September 22, 2017", I like it because no one else plays
5,"October 17, 2017", Its good but really hard Thank you
5,"September 13, 2017", Really awesome game and now it is more fun to play because of the different block colors.
3,"August 8, 2016",Need less adds Its fun but turn on airplane mode so their in less ads
5,"December 11, 2016", Ø¨Ø§Ø²ÛŒ Ø¬Ø§Ù„Ø¨ÛŒØ³Øª ØªÙ…Ø§ÛŒÙ„ Ø¨Ø§Ø¯Ø§Ù…Ù‡ Ø§Ø´ Ø²ÛŒØ§Ø¯Ø§Ø³Øª
5,"October 21, 2016",See my score Its awsme gme
5,"February 2, 2017", Love it but would like to have challenges or quests
5,"May 23, 2018"," Things are good here thanks and regards to the update and I have a good day 
and"
5,"September 2, 2017", I like the game and am thrilled that I found this app to play it mobile. Thanks!
5,"September 13, 2017", The game is super good the only problem is the adds
5,"September 12, 2017", please upgrade for world's highest score
4,"February 23, 2017", Great Game. Very Addictive.There are a few  ads but they are way up in the corner.
5,"September 28, 2017", Good but sometimes it gets boring
5,"July 3, 2017", It's a very nice game through which we can feel stress free
5,"May 15, 2016",Addicted !!! Loved it.
5,"August 12, 2017", I made it to 2048. I'm blem forreal
4,"January 14, 2017"," Addictive game , you get hooked quickly."
5,"April 24, 2016",I love it I love this game very interesting playing so on don't get boring playing game
5,"December 25, 2016",Haveing fun I really enjoyed playing this game and it helps me with maths
5,"September 10, 2017", Wow I just scored 16384 hope to get higher scores!!!!! ğŸ˜ğŸ˜ğŸ˜€ğŸ˜Š
3,"July 6, 2017", Fun game but this dev loaded it up with too much adware
3,"October 6, 2017", Good game....who hates maths just try it
4,"October 5, 2017", The game is good..its a lot engaging... I really like playing it
5,"March 23, 2016",Elza Play it too much
4,"July 5, 2016", It helps to pass the time
4,"April 7, 2017", Math sharpening time mgmt
4,"July 13, 2017", Wish it didn't have adds
4,"August 2, 2016", If help your thinking
1,"March 18, 2016", Too much off  advertisement
5,"August 13, 2017", I like it very much
5,"September 24, 2017", I love how challenging this game is. One of my all time favorites!!
5,"March 16, 2017", I love this game... I like to play this game in my spare time.. it sharps my mind
4,"February 25, 2016"," Very addictive, fun to play"
5,"May 22, 2017", This game is incredibly addicting. I can't seem to put it down. :)
4,"August 7, 2016", Relaxing game Good colors in it ..
5,"April 11, 2016", Love this game can't stop playing!!
4,"June 17, 2017", It seems like a good idea to relax after a long day
5,"December 7, 2016",Great game! It works well and I love the colors.
5,"October 22, 2017", Try to make 9thousend on small one..:)
5,"January 31, 2016",7322 only this ..not enough
4,"December 24, 2016","Good,Liked it. Good tympass, it turns more interesting when it's 3X3 or 4X4"
5,"September 7, 2017", a game that makes you think and apply yourself in an interesting way!
5,"August 13, 2017", It's interesting and challenging in a good way.. I enjoy playing it
5,"November 6, 2016", Truely very nice and very awful
5,"July 1, 2017", It is so engrossing. I love it and can play it all day.
5,"December 21, 2016",Awesome Best 2048 app out there hands down!
5,"July 27, 2016",Great!!! One of the best versions of 2048. Addicting and I really like it.
4,"August 21, 2016",2048 Loved it so muchğŸ‘ŒğŸ‘ my fvrt game ever
5,"October 15, 2017", I kove it!
5,"February 18, 2017", So addicting!
4,"February 16, 2017", It's quite gud
5,"September 27, 2017", Wonderful mind game I have score 3 lacks 4Ã—4
5,"July 9, 2017", Awesome app Very exact Thank you so much
5,"March 21, 2017", I love to play it looks like a good time and amazing
4,"November 23, 2016",Great Game Pushes the limit on ads but game is great
4,"September 30, 2017", time killer game
5,"October 5, 2017", I just like it
3,"October 9, 2017", Too much advertising
5,"September 29, 2017", Memlo rahank na
5,"June 21, 2017", Keeps me busy
4,"October 8, 2017", Super mind game
5,"November 26, 2016", It is a super game
5,"February 25, 2017"," Great, can't stop playing"
5,"March 14, 2017", Keeps me going on and on and on
5,"August 23, 2016", Release tension..
5,"October 3, 2017", Keeps you busy and it's fun if you're good with numbers
5,"October 3, 2017", It's challenging. I easily get lose hahahaha
4,"April 20, 2016", Very addicting...ads aren't too bad either. I like it.
5,"July 29, 2017", This game has nice colors and can be addictive.
5,"September 1, 2017", Its one of the best brain teasers I've tried
5,"September 26, 2016", Name it to 4096. I got it ğŸ˜„ğŸ˜„ğŸ˜„
4,"September 17, 2017", Very entertaining I forget half of the time to look up. ğŸ˜ğŸ˜ğŸ˜
5,"January 18, 2017"," I love it! It is so simple, yet so fun!"
5,"June 28, 2017", Ads don't destroy my phone and it's pretty.
5,"August 2, 2017", Very good game for time killer ver very good
5,"January 2, 2017", You would never know how much i love it!â™¥â™¥
4,"September 18, 2016",Challenging Really challenging and I like to be challengedğŸ˜
