1,"June 26, 2018"," I have purchased credits and charged 759/- but now no credit is shown. Can 
you please revert back my money. In my view plz do not waste your time and 
hardened money."
1,"March 26, 2018", Waste of time.. This is fake app.. Dont waste your time..
1,"April 17, 2018"," The app is very bad whenever iam taking this app a black background is 
showing . I waited for 2 minutes no improvement. Very bad hated it I just 
wasted 6 minutes of my life by downloading this"
1,"July 4, 2018"," Wat the hel automatically amount as deducted in my account but credits u 
have not given"
1,"May 2, 2018"," Ye bakwaas app hai. Bhai log aap log apna time iss app me waste mat karna 
ye faltu or bakwaas app hai"
1,"February 15, 2018", I call someone through this up aftr that i cant call him directly frm my phone how can i fix this problm
1,"May 15, 2018", Waste of time . It's a very bad game . I hate it.
5,"March 15, 2018", Fake app west of money we cant make calls they are looting 660 rs
2,"June 5, 2018"," app used to always work great now it seems the country code is wrong or 
something as it still works for landlines just not mobile numbers. can you 
fix?"
1,"March 25, 2018", I email many times no reply refund me it's doesn't work
1,"May 23, 2018"," Fraud app, I purchased credit but its not working. Doesnt worth"
1,"February 13, 2018", Very bAd take much time to connect call no balance
1,"May 24, 2018", Not call success online money waste
1,"April 2, 2018", Ask for money before using bad idea
1,"June 11, 2018"," I charge my account with 44 credit and i didn't find it in the program i 
lost my mony I need someoneon help me here"
5,"May 11, 2018"," What's is 401/unauthorised? ?? How to solve error while registering, 
unauthorised problem"
1,"April 5, 2018", New version is not working.. please fix problem
1,"July 18, 2018", it's very bad app don't west your time
1,"January 15, 2018", Its worst app guys don't waste ur time with this app
1,"May 15, 2018"," Sale app ko dekh to lo abbe check karne ke lyi kuchh to de dete ek bhi 
credit nhi"
1,"January 28, 2018", It says 401/ unauthorized fake app
1,"May 29, 2018", Doesn't work. 401 error
1,"January 18, 2018", Such a bad app .This app is waste of time
1,"May 25, 2018", Backwash aap hai koi install mat karna sirf time lose karta hai
1,"May 18, 2018"," Is aap se bura or bekar koi ap ni ho sakta galti se bhi ise install na kare 
too koi bhi üò†üò†üò†"
1,"December 28, 2017"," Error while registering, unauthorized."
1,"April 10, 2018", Wast of time  . Plz refund my money. Gays don't trust . App & developer both are cheater don't bays any cradits
1,"March 14, 2018", Idiot fool  .  Time wasted ....has sat
1,"February 14, 2018", Worst App..Just waste of time
1,"January 20, 2018", Bad app not so good
5,"December 27, 2017", I do not understand this application
1,"March 29, 2018", Worst aap  Working at first time
1,"June 1, 2018", Fake app don't download it.
1,"January 11, 2018", Montly auto metic account mines in your bank account rs 655 plz don't download the app
1,"February 11, 2018", GHATIYA APP Ish app se jyada ghatiy app na bana tha na bana hai na hi koi hoga
1,"February 5, 2018", Bakwas app hai koi download karke apna time barbad mat karna
4,"May 24, 2018", Best app but unlimited talk time
5,"June 28, 2018", Udaybhandheeru chalu karna Ye aapka Love Aaj Kal call Ladki Ki Awaz jaati Ho
1,"January 3, 2018", I couldn't make a call..It is also not giving free credits for testing
1,"January 23, 2018", Bad app waste of time
1,"March 30, 2018", It is a Fake app in the world
1,"June 11, 2018", Waste and worst app ever
1,"April 22, 2018", Its works only 1 time not again
3,"January 7, 2018", The caller id does not show the no. I feed in
2,"April 13, 2018", Be careful your details not submitt
1,"February 25, 2018", Bakkwasss...waste of time..
4,"January 5, 2018", First of all this app will work bt...After it will not work
1,"July 1, 2018", It just show un authorized üò∂
1,"April 1, 2018", Don't install this app
1,"March 9, 2018", sabse bekar app hai
5,"April 11, 2018", Superrrrr see bhi uparrrr
5,"May 29, 2018", 1st time it works for me
5,"July 3, 2018", Don't get free trial
1,"January 18, 2018", ‡Æá‡Æ§‡ØÅ‡Æ≤ ‡Æï‡Ææ‡Æ≤‡Øç ‡Æ™‡Æ£‡Øç‡Æ£ ‡ÆÆ‡ØÅ‡Æü‡Æø‡ÆØ‡Æ≤...
3,"May 12, 2018", It is not working!!!!
1,"January 27, 2018", It's not working why
4,"March 23, 2018", Very good app. Have to provide some more free credits.
5,"July 15, 2018", it's really true app
5,"February 17, 2018", How upgrade free chips ???
1,"January 7, 2018", Bakwas app..... Guys dont waste your time... Puro faltu.. Baler app
5,"January 23, 2018", HF  .dv Moon
1,"April 29, 2018", No t working
1,"June 12, 2018", app not working
1,"June 27, 2018", No credits received
5,"July 11, 2018", Nice to use but few seconds to free otherwise pay and use
5,"March 17, 2018", Very Excellent app
5,"March 23, 2018", Its a good app
1,"January 12, 2018", Eduthondu poda cope Ninte copile   oru app........
1,"January 21, 2018", Ban this app
1,"January 24, 2018", Bekar hai
5,"January 30, 2018", Moin khan
1,"March 25, 2018", Fal2 app
1,"April 4, 2018", ‡§ò‡§ü‡§ø‡§Ø‡§æ app
5,"January 16, 2018", No. 1 App
1,"March 29, 2018", Waste of time
1,"June 13, 2018", it's takes time to register.....
1,"February 6, 2018", Ass hole app ....üëøüëøüëø
1,"May 22, 2018", unauthorized warning.....
1,"February 26, 2018", Wast  of time
5,"April 6, 2018", So funny
5,"April 4, 2018", I like it
5,"July 17, 2018", The best aap i saw ever
5,"January 20, 2018", Mr Farid
1,"February 17, 2018", Worst app
1,"April 13, 2018", Fake app
5,"April 22, 2018", Time west
2,"May 27, 2018", Wakwash hai
1,"June 3, 2018", worst app
1,"June 16, 2018", Wast of time
5,"June 19, 2018", Ncy app
5,"June 30, 2018", Monajir hasan
5,"July 10, 2018", I like it
5,"July 12, 2018", so funny
2,"July 12, 2018", No credits
5,"March 6, 2018", Ok good
5,"June 22, 2018", This is very good app this app is very us
1,"January 16, 2018", Totally fraud
1,"May 15, 2018", Worst app
1,"January 30, 2018", Fake app
5,"February 8, 2018", Need more free credits
1,"June 5, 2018", Dont download it its fake
5,"January 24, 2018", Superb aap
5,"February 23, 2018", Supported boys
5,"February 19, 2018", Leela
1,"March 26, 2018", Nonsens
5,"February 12, 2018", Bi
1,"April 1, 2018", Unauthorized
5,"January 21, 2018", Very useful app
5,"April 19, 2018", Nice good work
5,"July 4, 2018", I think about this good
5,"July 3, 2018", I love you
1,"February 26, 2018", Waste
4,"January 13, 2018", Thanks
5,"April 25, 2018", Thanks
5,"May 1, 2018", Hi
5,"May 10, 2018", Thnx
3,"May 23, 2018", Tmbo
1,"May 23, 2018", Bakvas
5,"July 5, 2018", Nyc
5,"July 4, 2018", Thanx
5,"July 4, 2018", Osm
5,"July 4, 2018", Super
1,"July 4, 2018", Bakwas
5,"July 4, 2018", ‡§ï‡•ç‡§≤‡§¨
5,"July 5, 2018", Yw
1,"July 3, 2018", Wasete
4,"July 10, 2018", Super
5,"July 10, 2018", Ddh
5,"July 11, 2018", Super
1,"March 16, 2018", Waste
1,"March 24, 2018", Useless
5,"April 1, 2018", nice app
5,"January 31, 2018", Nice app
5,"February 16, 2018", Good ha
5,"April 18, 2018", I love it
5,"June 4, 2018", Best app
5,"July 4, 2018", Nice app
5,"July 10, 2018", This is good
5,"July 11, 2018", good app
5,"July 11, 2018", Great work
5,"July 12, 2018", Nice application
5,"July 12, 2018", Very good
5,"July 11, 2018", Nice app
5,"March 25, 2018", Good
1,"July 11, 2018", Bad
5,"February 3, 2018", Nice
5,"April 9, 2018", good
4,"April 2, 2018", Good
5,"May 17, 2018", Good
3,"June 28, 2018", Nice
5,"July 4, 2018", Good
5,"July 4, 2018", Good
5,"July 4, 2018", Awesome
5,"July 5, 2018", Nice
5,"July 5, 2018", Good
5,"July 4, 2018", Good
5,"July 5, 2018", Awesome
5,"July 4, 2018", Nice
5,"July 3, 2018", Nice
5,"July 4, 2018", Nice
5,"July 5, 2018", Nice
5,"July 4, 2018", Good
5,"July 10, 2018", Good
5,"July 10, 2018", Good
5,"July 10, 2018", good
5,"July 10, 2018", Superb
5,"July 11, 2018", Nice
5,"July 11, 2018", nice
5,"July 12, 2018", Top
5,"July 11, 2018", Good
1,"December 25, 2017", Fake app.. completely fake... i tried to make a call but it didn't occur
1,"December 8, 2017"," Am getting ""error while registering - unauthorized"". Please help"
1,"December 10, 2017", very bad item... its older version was too good
3,"December 20, 2017", Purchased credits twice today but not reflecting
1,"December 9, 2017", The app is not able to make calls
1,"December 19, 2017", App name fake call and its name is fake app
5,"December 9, 2017", Good app for fun but not free and high charged
4,"December 30, 2017", ‡¥ï‡µÅ‡¥¥‡¥™‡µç‡¥™‡¥Æ‡¥ø‡¥≤‡µç‡¥≤.. ‡¥™‡¥ï‡µç‡¥∑‡µá ‡¥á‡¥§‡µç ‡¥ï‡µç‡¥∞‡µà‡¥Ç ‡¥Ü‡¥£‡µÜ‡¥®‡µç‡¥®‡µç  ‡¥ì‡µº‡¥ï‡µç‡¥ï‡µÅ‡¥ï
1,"December 18, 2017", Fake app as the name suggests
1,"December 12, 2017", This update version is not working. Real number not displayed of outgoing call. Please need to check it.
1,"December 17, 2017", I hate this app
1,"December 15, 2017", Not working this app
2,"December 8, 2017",Not so good Not so good
1,"December 11, 2017", Not work
5,"December 25, 2017", Fake call best
5,"December 9, 2017", Amazing  how  can  I am Tell  good
5,"January 25, 2018", Gud app
5,"December 10, 2017", Gooi
5,"December 15, 2017", Super
5,"December 13, 2017", Hi
4,"December 16, 2017", Good
5,"November 24, 2017", Includes more features for free credit like as  1 _daily checking 2_watching videos ... Than it's more useful 3_ etc
1,"November 23, 2017",Voices You got your rules and your religion all disigned to keep you safe but when rules start getting broken you start question in your fate
1,"July 1, 2018"," I have purchesd cerdit once lobg tine before but thy hv deductd money from 
my account 3 times without giving any credit"
1,"November 26, 2017", Why it says error while registering - unauthorized and error 401 unauthorized
3,"December 1, 2017"," Really Good App, But Not Free Calling App."
1,"December 4, 2017", Very bad it asking money üí∞
1,"November 26, 2017", It is really fake callr
1,"November 30, 2017", Not working wast of time this app
5,"December 4, 2017", Very nice app
3,"December 1, 2017", Thanks call
1,"December 5, 2017", not working
1,"December 5, 2017", Bad app
1,"March 9, 2018", Worst app
5,"November 26, 2017", Best app for fun
5,"November 27, 2017", Nice work man
5,"December 3, 2017", Best APP
5,"December 1, 2017", Ki
1,"November 27, 2017", Bakwas
5,"November 26, 2017", Nice pappa.
1,"December 2, 2017", Useless
5,"December 3, 2017", Very nice
1,"December 3, 2017", Hate it
1,"November 21, 2017", This application not working. Only time west. Always 404 error occurred
5,"November 21, 2017", Good
1,"November 28, 2016","Moneylooter.auto deducts amt evry mnth n no use of paid calls Dont  buy.once u pay money other person cannot hear u.only free calls work. Also i stopped using it , after 1 month it got renwed automatically deducting my money. I didnt save my card also. Through google play . Idiotic people"
1,"October 31, 2016",Bunch of scammers I worked for for days and then stopped working and the credit i had bought is down the drain too as its not showing any credit and I cant make any call. Other thing it just hied your number but doesnt show the number you want to show to the peraon u are calling. No support from developer of any kind...Full ReviewI worked for for days and then stopped working and the credit i had bought is down the drain too as its not showing any credit and I cant make any call. Other thing it just hied your number but doesnt show the number you want to show to the peraon u are calling. No support from developer of any kind either. Dont waste your time and money on this app
5,"September 9, 2017"," It's awesome. I have purchased credits.  But problem is my mobile display broken. So i installed in another Mobile from same play store account but my balance aren't showing. Here my question, is possible to transfer my old balance. Please solve my problem. Thank-you."
1,"July 26, 2016",Dislike this app after 1 call asking to pay No female or male voices just sound vibrations. Completely crap n waste of time
4,"September 3, 2016",PRETTY IMPRESSIVE I USE THIS WHEN I DON'T WANT PEOPLE TO HAVE MY NUMBER BUT WANT SOMETHING TO SHOW ON THEIR CALLER ID BECAUSE THEY DONT TAKE PRIVATE CALLS..
1,"March 24, 2017", FACT REVIEW only for interested guys... Behan chhhoooooooodhh‚¨ÜxxX denge madrchod fake app don't download frnds ye bas rating k liye ma chudate h acha lage toh bhi rare hi rate kare baki ye fursut beth k sara time beth k fake app dal k sara din bahn chudate h bas aise logo ki toh aap din bhar dono au...Full ReviewFACT REVIEW only for interested guys... Behan chhhoooooooodhh‚¨ÜxxX denge madrchod fake app don't download frnds ye bas rating k liye ma chudate h acha lage toh bhi rare hi rate kare baki ye fursut beth k sara time beth k fake app dal k sara din bahn chudate h bas aise logo ki toh aap din bhar dono aur se khol k hi lo
1,"January 11, 2017",This is  worst app when I buy credit it displays take survey I buy credit but my balance is 0
5,"April 4, 2016", Does exactly what its supposed to do. This app has got me out of some very unsavory situations. I absolutely love this app and I would recommend it to anyone
5,"January 14, 2017","Loved it It was horrible ,stupid and dumb"
5,"December 20, 2016",Fun Me and my friend were at her brothers basketball game and her mom let us go into the halls. We wanted to seem older than we realy were so she set an aalarm on her ipod for every 3 minutes and we looked like we were really popular kids. It was extremely fun.
5,"November 28, 2016",Best app but one problem... We have to buy credits. Please developer instead of credits take net connection to call anyone........plz. Or take sim balance......plz
1,"January 24, 2017", Vestige of Money vestige of Money wastage of money I have purchase credits for 3 x but I didn't get any credit credit in my account I have spent money also invest on waste is over sabse bada such a bad application do not download this I recommend you also you invest your money and you will not get a...Full ReviewVestige of Money vestige of Money wastage of money I have purchase credits for 3 x but I didn't get any credit credit in my account I have spent money also invest on waste is over sabse bada such a bad application do not download this I recommend you also you invest your money and you will not get anything search about that
1,"June 19, 2017", It is  not working properly yeah it is working till last month but now it is not working my subscription amount already 507 is debited in my account i Complaint to the web developer  but response  please once you who install this app before confirm it correctly  after you may use it
5,"June 2, 2016",Fake call Very nice application
4,"April 13, 2016",Coool app but Its very cool app but problem is this its credit price is very high so i requested you to low its price then all give you 5 star.
1,"February 20, 2017"," Yes it's fake fake fake................  app & nothing else, complete waste of time"
1,"May 27, 2017", hie deveolper i just bought 44 credit but not able to make the call whn make a call a radio song will be playing but call not connected ehy cheating with us solve this isssue on priority
1,"March 27, 2017", I have a problem i have credit bt whn i m calling to someome its diplayng wrong number . It not diplaying d no i hve set in caller id
1,"August 4, 2017"," I,m not getting reply of my email which i sent about 14 days ago,i,ve already written a review here it was also unseen.I want my amount rs.650 to be reverted back now it,s already too many days.I want it as soon as possible otherwise i need to take any serious action further."
1,"March 10, 2017", Can you please let me knw why is this anpp not working and i have enuf credits so either satisfy the customers or please refund the credits back who ever is facing this issue
5,"October 11, 2017", If you have any questions or bta de kit s kal aau hu to be a bta k hal s p√™√±d√ª Dard y you jaan to get the first to comment √π are you still have uu i I will ebhd food gal if a ho s go right vo de kV go for jjc co Dr nc rkfpb Fb DHL kB fksls üëà to yyte to thik hai aur main bhi h bhai tera to be in the...Full ReviewIf you have any questions or bta de kit s kal aau hu to be a bta k hal s p√™√±d√ª Dard y you jaan to get the first to comment √π are you still have uu i I will ebhd food gal if a ho s go right vo de kV go for jjc co Dr nc rkfpb Fb DHL kB fksls üëà to yyte to thik hai aur main bhi h bhai tera to be in the good night bhai please find the attachment for your email address to be in a good night bhai pls find the √π sad hok to the good news
1,"July 22, 2016",Fake app Plzzz dont waste ur time
1,"June 25, 2017", FAKE APP... Dont install.....i installed it and paid the amount to get credit talk time. every time i make a call sum lady in sum unknown lnguage.... all the credit talk time got wasted. my money also   got wasted.  wont recomend any 1 every..
1,"October 29, 2017", When I open it is show error while registering. Have any solution of it
1,"March 11, 2017", Worst app ever seen don't go for it always asks credit like beggars and never calls other as it only. Begs for credit
1,"June 18, 2017", Unauthorized error' what's this? Devs can you explain why this error occurs?
1,"May 2, 2017", Issee beekaar app to maine apni jindagi me nhi dekhi h faaltu me maine apne mobile ka data waste kiya ghatiyaa app saali
5,"July 6, 2017", Guys really that's a best app .you can fackcall to your fnd and any parson.. that is a awesome app ... I love this aap...
1,"July 19, 2017"," Don't download it, because this not working they makes only fool"
1,"December 22, 2016",Totally fake pls do not download Rubbish app 404 unauthorised
1,"March 10, 2017"," I couldn't even make a call and all Balance over,I want my money back"
5,"June 18, 2017", It worked for a few days and after payment stopped working kindly check the app for improvement as no use paying for it unnecessarily...
5,"June 2, 2017", All may say thar it is a good app.... Or something.. But thia ia the only app which destroyed my life.. üò≠üò≠üò≠
5,"December 12, 2016", Its very awesome app.....only 0.93 paisa balance its too cool....bt no one cretid
5,"September 10, 2016",Really gud really useful.  but i coudnt able to buy credits.. Help me out
1,"July 13, 2017", Fake h yeh maine karke dekh liya sab jhuth h
1,"September 6, 2016",Fraud app Not working totally cheating..
1,"September 24, 2016",Google user Fake application do not download it
3,"June 5, 2017", I used this app and its work properly in wifi but this is not working in mobile data and i use jio sim so I can't call anyone from this app   Please Solve this problem fast
4,"January 15, 2017",Like it good fake call thing It's like a good app because I can trick my friends
1,"August 9, 2017", Bakwas hai sab kutte time lost karte hai sab dimag khraab hai inka
1,"May 27, 2017", I have one problem the Account balance are not show.... Please tell me.... And how to show the account balance in id changer....
1,"January 13, 2017",Stupid application Never works. Whenever i try to send message the app crashes
1,"July 1, 2017", Worst app. I really had a bad experience with it. The trial didn't work. I tried to register it many times but couldn't register. Money looter.
1,"February 14, 2017", Your this app is not working...... How back my money ............. I am very hate this application..... Bad luck
1,"September 9, 2017", This is fake app i did not like this  Jsjsisisidisis Sjissisididi Zisiididirue Zuzusididn
1,"January 25, 2017"," It is weast of time its is saying ""401/unautorizing"".   Its not working"
1,"January 24, 2017", Today my subscription gets auto renewed but I have not got credits for the same. This is fraud.
1,"July 31, 2017", Fake app..totally fake...i cant able to make any call..there is error..authorised..
5,"June 25, 2016","HASAN Fake, From No Shot show in the call."
3,"June 6, 2016",Problem I can't hear the other person but he can hear my sound.whats the problem.i paid for it.now useless.any fix?
5,"April 6, 2016",this is a best app This Is My First Review for Any App I'm Giving My Honest Opinion Because This App Really Deserves 5 Star Even If Possible Then 100 Star  :D
5,"December 17, 2016",Finaly best and good This ap is really good work with fake number with custom choose for me
1,"June 12, 2016",Error while registering - request time out Error while registering - request time out..I am using Samsung A7 2016...pls fix it.
1,"August 20, 2016",I hate it I want my money .after  purchasing it does not gives me any credit
1,"August 14, 2016",Worst app Dangerous I uninstalled it but still I can't contact the last dialled no through this app
5,"September 23, 2016",Cant buy... I m trying to buy credit but it reject my  master card although my card details is right.
1,"June 21, 2017", Bekaar aap hai yaar .Phone hi nahi lag raha hai
1,"April 24, 2017", It's not working. Unable to place any calls
1,"April 24, 2017", This app asking when I make a call asking buy credits but call not connected I'm feeling upset
4,"May 7, 2016",I like this app but This app is realy fake but this app we able to use only one or two time
1,"March 21, 2017"," Its all fake,no calls go,it says that u are unauthorized"
1,"February 25, 2017", Why show Error while registering-unathorized
2,"November 17, 2017", I am not able to add credits to make calls.please someone suggest me how to credit
5,"August 15, 2017", SIR PLZ GIVE ME POINTS EXTRA ITS VERY USE ME
5,"January 26, 2017", Super for frank friends but it asking to buy credits can u please make this app such that it can use Internet for calling in place of credits
5,"April 6, 2016", Is very helpful especially when Im stuck ed in boring meeting
5,"May 25, 2017", We want some more apps from u   Because this app is superb  And easy to use thanks for this app
4,"June 1, 2017", This is a veey true app  The only thing i don't like is that they ask for credits after some calls   But It is a very good app
5,"May 28, 2016",I love this app This app is real fake caller to another mobile phone
1,"May 28, 2017", It's gives incall ads that eats up the credit
1,"March 1, 2017", Very bad app!!!! This is the most worst app on playstore it doesn't make any call but deduct credits.
3,"September 12, 2016",Love it But adding credit via google wallet not supported why?please resolve this problem
5,"September 5, 2017", Kaamaal app hai guys download karo unlimited credits ke liye parallel space download karo aur app ka clone banate jao
1,"July 31, 2017", Bakwas it shows  401 error n doesn't work..
1,"March 22, 2017", The biggest basterds they are .. they only know to steel peoples money .. bunch of loot. Guys dnt install this app.
4,"September 7, 2016",Nice one Confused to other person esely by this app....
5,"September 4, 2016","1st timer It worked, haven't used to make a legit call but it seems legit"
5,"April 4, 2016", Now I don't have to fake a call to break away from loons. Hahahaha. Awesome app!
2,"March 10, 2017", It's main problem  it has no balance so I don't like this apps
5,"March 16, 2017", Nonsense chaltu to chhe nai. Moti pachhi aavi gai fake call walli
2,"December 24, 2016", atleast you should provide 20 min. of free call so we can judge we should buy it or not
1,"September 18, 2017", Fake app sale kisi KO bhi call nahi lagti hai hariyon
5,"April 4, 2016",Good app I have tried all of these apps THIS ONE has the most features by far
4,"October 9, 2016",Interesting But I'm trying to buy credit but it reject my master card why? although my card detail is right. so what should i do please fix....
4,"November 3, 2016",Nice app But it shoing 488 eror plz tell me how cat solve it
1,"December 29, 2016",Hate it I'm sick of it Not Calling people
1,"April 6, 2016", Now I can m as me sure ft h as that my sister and brother don't get on my phone
5,"January 21, 2017", Instead of buy credits give some free calls or through by data charges
5,"April 4, 2016", People thought someone really texted me that
1,"March 11, 2017", Madharchodo itna ghatiya application Bajate kyu ho Randi ke. Apni chudao par play store par dalo salo
1,"January 23, 2017", When i m entering number which i want to show on others ph ...its showing different number ..totaly .waist of money
1,"January 5, 2017",Another app when you install it What ever it shows in the screen shots or in the description.  Its a sms scheduler app when you open it and its of no use doesn't even work. Huh
1,"June 10, 2017", Another SMS scheduling app so opens..... Got frustrated üò§
5,"April 4, 2016", Its a cool app because if you are in an akward situation you can buy yourself some time.
5,"April 4, 2016",Best app My brother thought markiplier was calling him! LOL
2,"December 1, 2016", Apps ‡§§‡•ã ‡§¨‡§π‡•Å‡§§ ‡§¨‡•ù‡§ø‡§Ø‡§æ ‡§π‡•à ‡§≤‡•á‡§ï‡§ø‡§® ‡§â‡§∏‡§ï‡§æ ‡§¨‡•à‡§≤‡•á‡§Ç‡§∏ ‡§¨‡§π‡•Å‡§§ ‡§Æ‡§π‡§Ç‡§ó‡§æ ‡§π‡•à ‡•§‡•§‡§µ‡•ã ‡§ï‡•à‡§∏‡•á ‡§π‡•ã ‡§™‡§æ‡§Ø‡•á‡§ó‡§æ
1,"December 15, 2016",Bad This apps is verry unusual site nd not working
5,"February 22, 2017", Bad very bad marshmallow to no work don't download this aap
1,"August 26, 2017", when I m dialing a number every time it says that 401/unathorised....  fake app hate it
1,"April 19, 2017", Call is not connecting 'too too' sound appears n nt connecting solve it I have bought credit so pls solve this
1,"March 13, 2017", Very bad don't make fake aaps
1,"August 24, 2017", This app was working fine before but after purchasing credits it had stopped working ... Plzz solve this problem fast @developer otherwise will take strict actions...
1,"June 11, 2017", This is a veru bad app and make the user fool  Dont try it
1,"April 7, 2017", Its worked only one time and i feel very  bad  No it is not god
2,"September 16, 2016"," It's show me an error that's "" Error while registering "" .    Help me to resolve it"
1,"March 16, 2017", What the hell yaar fake app dont install it
1,"July 17, 2017", i open the app his say error while regisrering
5,"April 4, 2016", The great prank my mom is telling who is that call muahahahaha
1,"May 31, 2017", very bed ‡§Ø‡§π ‡§Ö‡§™‡•ç‡§™‡§∏ ‡§¨‡§π‡•Å‡§§ ‡§ï‡§†‡§ø‡§® ‡§π‡•à  ‡§Æ‡•á‡§∞‡•á ‡§∏‡§Æ‡§ù ‡§∏‡•á ‡§¨‡§æ‡§π‡§∞ ‡§π‡•à ‡§ï‡•â‡§≤ ‡§ï‡•á ‡§≤‡§ø‡§è ‡§¨‡•á‡§≤‡•á‡§®‡•ç‡§®‡•ç‡§∏ ‡§®‡§π‡•Ä ‡§π‡•à
1,"June 22, 2017", Pese le liye kuch use nhi ho raha   Kess karunga warna pese wapas karo mere
1,"February 4, 2017", This application is good but credit limitations one months is very bad otherwise this application deserves 5 star
5,"May 20, 2017", It's a very good app but I'm facing a problemthe balance is not showing in the app please fix it as fast you can ..
1,"March 27, 2017", IIT is so boring.it works only one time
5,"April 6, 2016",Great app Super funny I totally prank ed my friend
1,"September 23, 2017", fake app hai call ho hi nahi rahi
4,"October 28, 2017", I dint play this game but I think they should add something sexy like call your girlfriend and voice eating remove you rchlothes
1,"February 6, 2017", This app did not work for me.
5,"February 13, 2017", Nice app but now a days it not working . Plz repair it
5,"April 3, 2016", I love this game cuz I could prank my little siblings and the rest of my family
5,"April 3, 2016",Fake call Really owsm app i loved this its very helpfull
2,"November 3, 2016", It's like real phone call no changes
1,"April 22, 2017", This app is of no use as name fake calls it's a fake app
1,"March 7, 2017", its a scam..plz dont buy...not working after purchase
1,"September 29, 2016",This app is working only one time It's credit price very highest
1,"July 12, 2016",Doesn't work 401 unauthorized and no way to fix it
1,"January 3, 2017",Not working. It's totally fake...
5,"April 3, 2016", Always help me to fool people.
1,"March 18, 2017", Fake totally fake don't installed
5,"April 3, 2016", And i can. Type in any thing because I have the newest phone
5,"November 29, 2016",Super It is very useful... Hats off to the developers
1,"January 20, 2017",Time waste Not private call created
1,"August 31, 2017", Not useful app bhut ghqtiya apps hai
5,"April 3, 2016", Funny and could potentionally get you out a situation
1,"September 5, 2016",Worst ever seen Nothing happens
1,"April 4, 2017", No able to make calls Bullshut App
1,"July 26, 2017", Its taking money but not working
5,"April 6, 2016",Bhchh Great app.  Joked around with this app with my family.   Very excellent layout.
5,"April 3, 2016",Nice app I hve been using this app fr long time the app I hve seen every in mi lfe
1,"August 16, 2017", Don't download friends... It's fake aap... Not work...
1,"January 24, 2017",bad This apk just buy and this apk stopped now
5,"April 4, 2016", Pranked 6 people in 1 day
5,"April 20, 2017", Show error while registering - unautorised
1,"July 12, 2017", It can't register I even tried in another mobile its shows same that unauthorized
1,"April 26, 2017", Time waste app don't downlod it
1,"June 17, 2017"," Worst application, does not work"
2,"July 12, 2016", Credit Pricing (per month btw) Is Way Too High
1,"February 22, 2017", I did not use this app for 1 min but this app need money fast y should I give money b4 I can use
1,"February 28, 2017", Very bad not working on free
1,"November 5, 2016",Hate dis It's nt working..in my Nexus 5x..
5,"April 3, 2016", Friends if you have girl friend you just take one test of this app
1,"May 15, 2017", Why this app shows 401 unauthorized..   I installed this in another mobile.. But this is not working..  :/
1,"March 25, 2017", Itna bkwas app h Koi bhi use ni hota sirf phone memory  khata h BC app or developer bhi BC h . Kuch ni aata BC ko .
3,"July 29, 2016",very good app but Please send call cost details
5,"April 4, 2016", I pranked everyone even the nany hahhahabaha
1,"September 7, 2017", Waste app ever bloody app......dont install its just waste of time
5,"April 4, 2016", Fun troll app and may get me a few excuses
1,"April 24, 2017", Not only the call is fake the app is also fake
1,"October 31, 2016",worked 4 few days worked 4 few days and then stoped
1,"May 17, 2017", Behachod ullu ke patthe sale bhosdike num hum kuch dalte h call kisi num se jata hai
1,"March 6, 2017", Not working...can't do call...fake app...
5,"April 6, 2016",Best app Great App. Saves me a lot of reasons to listen people chirping
5,"December 22, 2016",It's very nice app but lower credit Good
5,"September 20, 2016", I want there was a like faux people whilst you fan connect to
1,"April 18, 2017", Fake aap ever as well üòÇüòÖ
5,"April 6, 2016",Mannu Love it helps you get out of situations
2,"May 9, 2017"," I hated it, very boring."
1,"November 6, 2016", Doesn't work waste app
1,"October 1, 2017", It is a fake app ( no use)
1,"April 22, 2017", It is one worst app i hated it
1,"February 11, 2017", Fake app please dnt download
1,"September 9, 2016",Faltu Bekar download korne ka data mb jayega.. bokbas
1,"April 29, 2017", It is waste if time and money
1,"July 11, 2016","No free survey Feku, there is no SURVEY for credit."
1,"July 18, 2017", I want to call anyone but i have 401 unthorized found and i can not call him soo tell me how can i fix this problem
1,"February 14, 2017"," dont but this, it's all fake. Also ensure you canvel the auto subscription, otherwise you will be charged every month"
1,"May 16, 2017", Very nice app but gives Free credeti s I'm happy
5,"April 3, 2016", Very good application .use and enjoy this app
5,"April 6, 2016",Hci igo Vuvhcixig I IG IG g ihig TT IG ih
5,"April 3, 2016"," Ok oO, let go there."
3,"September 13, 2016",Tony Not good. Need money ?
5,"April 4, 2016",It is very much better fake app It is very much better fake app
5,"April 3, 2016",Awesome It's fun and cool even though I already have REAL minutes and I'm only 10 years old
1,"October 22, 2017", Says unable to register unauthorised
2,"July 26, 2017",Fake call I love it
1,"July 4, 2017", Totally fake don't download
1,"January 2, 2017", Waste app don't download
1,"March 29, 2017", This app is fake though.
1,"March 24, 2017", I give one star because there is no 0 star   Worst app
1,"January 17, 2017", Bad app  Don't download
5,"April 4, 2016","very good app. The more I tune into shows like splitsvilla, the more I like it. very good app one of the best app Very good for a new year"
1,"July 25, 2017", Fake aap don't use it
5,"September 11, 2017", This is best app but not support in some samsung phone's
5,"April 4, 2016", Loved it is was a amazing becuse I. COuld pull so many prank
3,"September 20, 2016", Not nice just kk
5,"October 28, 2016",Nice app Fake
1,"April 24, 2017", Worst. Downloading data waste....
5,"November 25, 2016",Very nice app but Give it some money I don't buy it your because I am poor man I am not reach
5,"August 8, 2016",Adipoli It was a Nice aap and it works very easy and smooth i love. It
3,"December 3, 2016", I am nt understanding hw to increase the balance in it
5,"April 6, 2016",YA Best Fake Call App Ever
1,"June 19, 2017", This is not fake call ..this is fake app
1,"April 6, 2017", I think no I'm soure is app is not working please don't use the app
5,"September 20, 2016",Rahul bohra Mind blowing app...but too much for get credits!!!
5,"October 28, 2016", Credit ham aapne papa ke ghar se laeyge
5,"April 6, 2016",I tricked my brother I tricked my brother
5,"April 3, 2016",Nice Please add the Intex Aqua Star 2 dialling pad
2,"September 19, 2017"," This aap is very good but it will not given free credits, that's a problem so I want free credits"
5,"September 22, 2016",Great App Works flawlessly. Wish all apps were this reliable.
5,"September 1, 2017", Why lot off time no respond new no. Please solve it
1,"October 23, 2016",Not working ‡§¨‡§ï‡§µ‡§æ‡§∏ ‡§π‡•á ‡§ì‡§®‡§≤‡•Ä ‡§ü‡§æ‡§á‡§Æ ‡§µ‡•á‡§∏‡•ç‡§ü
1,"September 23, 2017", Pothethic app.. When I'll put no call not connect and only showing call in ringing
5,"April 4, 2016",Verry good app..must download Reallyy good try it must awsm one
5,"November 17, 2016",Nice But balaclava is fastly gone this us wrong
5,"April 6, 2016",Good I made my friends fool
1,"July 19, 2017"," Fake App, not working"
5,"April 6, 2016",Awesome app Awesome guys! I give you 5 stars for that
5,"September 16, 2016",Superb Super but can't make cell for long tym
5,"April 4, 2016",Great apps Doesn't have latest Sony caller ui
1,"May 25, 2017", Bc chutya ke beej salo ise g...d me delo
2,"July 10, 2017","Very useful app but,,, Credit very costlyüòàüòàüòàüòàüëπüí™üëçüëçüëéüëéüëé(üëç,üëç,üëé,üëé,üëé..like,like,dislike, dislike,dislike)"
5,"February 14, 2017", Its suppperb but i need the free credits plz
5,"April 4, 2016",Nice I like this app because u can pretend that you have a real call
5,"April 4, 2016",Its very usefull for call Get this app is so cool my friend thout that someone was really calling
5,"April 3, 2016","Good I loved it.. Its very fun, i prank my friendZz and njyd a lot"
5,"October 10, 2016",Nice But how to i get credit plz tell me someone
5,"March 19, 2017", Very simple use I love it very imperss happy
1,"December 29, 2016", It's very expensive
1,"April 20, 2017", i wish google will soon the zero star  rating option
1,"May 21, 2017", Fake app dont waste ur time
1,"February 20, 2017", Yeto kaam hi nahi kr raha hai bhai
5,"April 4, 2016", Love it. Real log time everything. Good job guys
1,"May 19, 2017", Fake call  Motherchod developer
1,"February 18, 2017", I like it fake call
1,"March 5, 2017", It does not work
1,"March 25, 2017", Waste of money and insecure transactions
5,"April 28, 2017", No response plzz chek my id zz33990 plzz see this
5,"September 16, 2017", ye bar bar whi number kyu dikha rha hai
5,"April 4, 2016",Great Better than any app. This is too great.
1,"September 19, 2017", Not Working.. Rubbish & Fake app..
5,"April 4, 2016",Good app Very good app.very useful for every user
5,"April 6, 2016","Yeah What a nice app,amazing awesome love it"
3,"February 14, 2017", I love this app but there is problem in this .it requires to buy minutes
5,"April 4, 2016", I love this app because I pranked my mom on it and I pranked it on my dad they both belived it!!!!
1,"September 15, 2017"," Sucks. Another app that's a free download, but u gotta pay to use."
5,"April 3, 2016", I trick my parents that is could call
1,"November 12, 2017", Worst app nothing is inside
1,"September 13, 2017", Always showing unauthorised error
1,"December 28, 2016",Bakwas app Friends don't install this app bakwas hai
1,"June 28, 2017", Most worst app ever
1,"July 12, 2017", Stands up to the name fake
1,"March 22, 2017", Koi bhi mat kro apna data khraab
1,"June 17, 2017", Not work with my phone...
1,"June 8, 2017", I try app but call not sent
5,"February 25, 2017", Before start app not now help me
5,"March 9, 2017", Mere phone me unauthorized dikha rha h
1,"March 19, 2017", How to use it? Work nahi kar raha he
5,"April 3, 2016",Mst Best ever because in school I did it
1,"November 6, 2016",Don't download After 1 call this app se paid money
5,"July 2, 2016",Nice app Cool apk to frank with any one
5,"April 3, 2016", Perfect for when a excuse to get away is needed
1,"July 1, 2017", It's only fake
5,"October 17, 2016",Caller id changer Amazing aap
5,"October 30, 2016",Its Amazing Its amazing  but how to get credits by survey
5,"April 4, 2016",Hi I love this game I had it for 4 years
1,"August 23, 2017", Worst working.dont west time
1,"May 26, 2017", Worst. .. actually it's fake
1,"September 23, 2017", Not going call to anyone and credit will cut bc
5,"July 27, 2016",Gud Gud but credits expensive
5,"November 20, 2016",Very useful app I love it .vvvvvvvvmuch
1,"August 13, 2016",Crap app Overpriced in app purchases
5,"April 6, 2016",GoodIt is good pranked a lot of my friends GoodIt is good pranked a lot of my friends
1,"October 1, 2017", mat download karna is apps ko bahut bakwas apps hai
4,"December 27, 2016",This app is super. But calling duration only 1 minute.
1,"February 8, 2017", Fake call - Fake app
1,"August 18, 2017", Very Baad App Because App Not Warning. FROD app
5,"July 8, 2016",Super But credit cost high
5,"May 4, 2017", Call nhi ja rahi h ab
1,"March 5, 2017", This app is not  working in my phone
5,"November 16, 2016",Funny Called my grandma it was funny
4,"February 15, 2017", √≠t √≠—ï Œ± v—îr—á gœÉœÉd Œ±pp
5,"December 7, 2016",Working in india Up east kanpur
4,"May 20, 2016",goods apps 44 credit means
1,"September 4, 2017", It's really fake
5,"August 21, 2017", I love this aap but without created 1 time use so I can't 2nd time use
1,"November 28, 2016"," Bad bad bad,sooo bad"
4,"November 25, 2016",How get more minuts How get more minute
5,"April 6, 2016",Use it This is good app quick download
3,"January 21, 2017", How many minutes  are equal to 22  credits
5,"April 6, 2016", Best results looks like original call
5,"November 22, 2016",Kaif THIS IS MOST INTERESTING APP
5,"August 30, 2016",The best Amazing app loved it Loved it
5,"April 4, 2016",Nice Is working well I love it
4,"April 3, 2017", should increase some more free credits
5,"April 6, 2016", U can record your own voice
5,"May 15, 2016","Love it,  really works Nice app it really works."
5,"June 25, 2016",Good Nice app to confuse anyone
1,"September 22, 2016","gix it,s fake"
5,"April 3, 2016", It makes someone competent liar
5,"February 2, 2017", Super....use parallel space and then clear data for more credits
5,"January 17, 2017", Nice app I am shocked
1,"November 7, 2016", Can't get credits which I bought
5,"April 4, 2016",Awesome its helpful for fake calling
1,"September 23, 2017", Vvvvvvvvvv bed apps this app is not working
5,"September 17, 2017", 1 bar hi lagti he call
3,"July 10, 2016",Nice bt Nice app... Bt what is 402/unauthorized...how can i fix it
3,"June 21, 2017", It's not working  after payment
1,"July 27, 2017", There is no dial pad when placing a call
5,"September 1, 2016", Please credite account. How to credite
4,"January 22, 2017", Buy credit no balance nice
2,"April 16, 2017", Why i can't make any calll
5,"August 25, 2016",It's goog √íoooooo Sam aap
5,"August 10, 2016",Awaysom App This app is awaysome
2,"August 27, 2016",Hi Please save account money
4,"July 5, 2017", Isme balens kese aTA H
5,"March 30, 2017", ‡§è‡§ï ‡§¶‡§Æ ‡§Æ‡§∏‡§§ ‡§ê‡§™‡•ç‡§™ ‡§Ø‡§π
4,"October 16, 2016", Bhai apps badi mast hai
1,"March 11, 2017", Kuch nahi ho raha he
5,"June 4, 2017", This is osom app I like it
1,"December 20, 2016",don't west your mb not working
1,"June 17, 2017", Ma ka bosda maa chuda
5,"May 22, 2017", You should unlemated calling in this app
1,"June 30, 2017", Cutya banane ka kam he
5,"April 6, 2016",I like this app very good I like nice app
4,"October 4, 2016", Bhout hi bakwas app h üòà
1,"February 14, 2017", It's not free very costly
5,"June 12, 2016",I like it It's a cool App
1,"June 13, 2017", Bekar hai kam bahi krta hai
5,"July 9, 2016",Mast Cool n 100% original app
1,"June 17, 2017", Kuch kam ka nhi he
5,"April 4, 2016",Best app Loved it I don't know what you want its fun
5,"July 26, 2016",Superb Enjoying wd frnds alot
2,"June 16, 2016",Nice one aap It's a better aap
1,"November 15, 2016",Rates are too high Avg app
1,"July 29, 2017", Its chargeable so idont like
1,"October 26, 2016",Poor app Waste...
1,"May 3, 2017", It is not getting ready..  Only registering v. Poor
5,"April 6, 2016", LOVE IT SOOO COOL
1,"August 29, 2017", Bkvas aap.  Aap is not working
4,"May 9, 2017"," Kaintt pura , attttt galbaat"
4,"August 14, 2016",Superb This app is mind blowing
5,"September 24, 2016",Best I find it best and easy
3,"April 3, 2016",Good But some people missuse
1,"August 16, 2016",Doesn't make sense Avoid
5,"September 3, 2016",Loved it for 90 seconds Pls free
5,"March 10, 2017", Good very nice just fun
5,"October 15, 2016",Good Its very good apps
5,"September 6, 2016",VERY GOOOD I Loved It
1,"June 9, 2017", It's not working. It says unauthorized. What the hell.
5,"August 8, 2016",Super app Relly work this aap
1,"December 30, 2016",Very good Its really works
5,"April 4, 2016",useful amazing app with great features
5,"July 10, 2016",Very cool I love this app
5,"September 9, 2016",Good Very good appp try this
5,"September 8, 2016",To good But no coll
5,"April 3, 2016",Easy to use This app was fabulous
5,"November 22, 2016","Really great It's sooo usefull, great app"
1,"April 18, 2017", Not working.  Please don't download this apps......
5,"August 27, 2017", Use YouTube video guides for free credit by hacking app Love this app for fun from YouTube
1,"March 8, 2017", 100% faltu...don't download this app
1,"March 22, 2017", Madhar chod app hai.
1,"January 25, 2017", Really fake as name
5,"May 21, 2017", This app fake
5,"July 2, 2017", Waste of time and mind
1,"February 14, 2017", Very bad app
1,"June 1, 2017", Bad Not usefull
1,"February 22, 2017", Very bad seriously
1,"February 8, 2017", App itself fake
1,"April 14, 2017", JUST HORRIBLE!
1,"July 16, 2017", Worth less app
1,"April 24, 2017", Totally waste of time
1,"May 26, 2017", The app is fake
5,"April 6, 2016", i like it very much.
5,"August 2, 2016",Goof Very good app
5,"August 30, 2016", awesome app to fake a call
5,"June 14, 2017", Nice app for fake call
5,"April 4, 2016","Like Works very well, thanks."
1,"April 27, 2017", Very very fek app
1,"November 25, 2016", 1 tym ussed only
1,"June 15, 2017", Plz dont download this app   Fake app
5,"April 6, 2016",Free Bls app unlimeted
1,"March 1, 2017", Mhaa bakvas aap hh
5,"May 21, 2017", Ouit impressive I love so on I
2,"November 12, 2016",Bug Cant change voice
5,"April 4, 2016", guarantee won't dissapointed at all
4,"December 31, 2016", We have to take credits
3,"April 27, 2017", register  kive hau ga
5,"April 3, 2016", I just loveeeeeeeeeeeeeeeeeeeeeeeeeeeeeeeeeeeeeeeeeeeeeeeeeeeeeeeeeeeeeeeeeeeeeee it :* :* :* &lt;3
5,"May 8, 2017"," one of the best app i ever seen. its very useful, very impressive. i really. enjoyed this app."
1,"March 28, 2017", Installing this app is wast of time
1,"January 27, 2017", Free caall honi chahiye
1,"September 22, 2017", Face app not install
1,"March 27, 2017", What uninstall this app bro
1,"August 7, 2017", Very bad app
1,"July 22, 2017", fake hai sb
5,"August 11, 2016",Awasome But costly
1,"July 6, 2017", Giving error unauthorized
5,"July 29, 2016", True fake call
1,"August 13, 2017", Waste of time and money
1,"September 15, 2017", Waste of time and money
1,"November 7, 2016", Credit is too expensive
5,"April 4, 2016","nice i pranked my friends,they was sceard"
4,"August 16, 2017", Very useful app bat not credit submit this app andr credit only 60
5,"April 15, 2016",Very nice.. It is working for me.but I can't get credits.
2,"December 6, 2016",Hello Hello my name is abhiraj
1,"October 23, 2016", I don't wanna pay
5,"September 7, 2017", How can i buy credits...  Help me
1,"April 24, 2017", Fake Call App is Fake
1,"September 11, 2016",Hate üòí boating
1,"July 24, 2017", Friends don't download it
5,"April 3, 2016", Its vry gud application... Asome
1,"April 26, 2016", Bkwaaaas don't install it
1,"June 11, 2017"," Waste app ,"
5,"April 28, 2016",Loved it Nice app for prank
5,"April 30, 2016",Nice I am just surprised its amazing. Install it friends.
1,"December 29, 2016",Bakwas app Fake app
1,"December 31, 2016",Bal.nhi h Kese dalte h
5,"April 3, 2016",Easy to use I really like this app this is very easy to use very good app I like it
1,"July 9, 2017", Doesn't work
5,"February 19, 2017", Wowwwwwwwwwwww i fun with my friends
5,"December 22, 2016",Very nice app It is very good. It as marvellous feature
5,"April 6, 2016", It is a app very useful i am impress this app it id a nice app. It is a very funny app. It is a nice one app.
1,"June 28, 2016", It's not free
5,"May 14, 2016",Awesome app Its really fun to b wid frends
5,"April 4, 2016", Like it very much
4,"May 5, 2016",Divyesh gothi +1
5,"September 30, 2016",1+ +1
5,"June 7, 2017", I like this App
2,"December 3, 2016", no then balence
1,"February 5, 2017", Must app hai
1,"October 4, 2017", Its wasteüëπ
1,"January 28, 2017", Call never goes
1,"June 6, 2017", I het  you
1,"March 9, 2017", Worst app.
4,"May 6, 2017", This has only 0.90¬£ balance pls do something about it
1,"May 9, 2017", Balchoda apps....need to pay.
1,"March 23, 2017", Mada ame bagaladu
3,"April 12, 2017", not working in INDIA
1,"September 16, 2017", This app sucks
1,"July 31, 2017", Its not working
1,"September 23, 2017", faltu ka app
1,"October 31, 2017", Servey is not working
3,"November 4, 2017", Anil Kumar Anjan
1,"July 2, 2016", Voice not clear
1,"March 6, 2017", not working proparly
5,"April 3, 2016",Awesome I like it very much It is very useful for me
5,"August 10, 2016",Supar I like
5,"August 4, 2017", Thanks   For  this app
5,"July 31, 2017", ‡§Æ‡§æ‡§ß‡§∞‡§ö‡•ã‡§¶ ‡§è‡§™‡•ç‡§™ ‡§π‡•à
1,"October 18, 2017", Bkwas app hai
4,"July 22, 2017", It is not working
1,"August 24, 2017", Not working forme
5,"May 17, 2018", Bakwas hai yeee
5,"September 22, 2016",Call Good call
5,"May 1, 2016",supper it's very useful
1,"February 25, 2017"," Dob,t no"
5,"June 16, 2016",Too good Wonderful app for playing prank
5,"September 4, 2016",Free point.. Gud
5,"April 14, 2017", How to earn more free credit?????
5,"September 17, 2016",Awsome app Plz give me some minuts
1,"August 23, 2016",poor only 50 sec give lost of time
1,"August 22, 2017", Fake... Not working...
1,"October 23, 2017", Bakvas app hai .dont install it.....
5,"September 17, 2017", Nice but danger
1,"January 3, 2017", Bakwas App üëé
5,"April 4, 2016",Its very good app I like very much
1,"March 15, 2017", Didn't wokr
1,"August 3, 2017", Not working with authorization error.  Uninstalling immediately
1,"September 3, 2016", Do Not Download....Its Chargeble....
5,"July 4, 2017", It can easily used for hacking..loved it
1,"July 27, 2017", I want free credits....
1,"June 9, 2017", Baaaaaaaaadd app
5,"April 3, 2016",K Kkkkk
1,"January 15, 2017",orderless how to register
5,"July 25, 2016",hi give me my free credites
5,"November 16, 2016",Cool app But please low price
5,"April 4, 2016","Super wonderful app, like it so much :*"
3,"July 6, 2017", This app is a really nice but not costly....
1,"July 12, 2017", 0% like
5,"May 6, 2016",Really awesome It is really work.
5,"December 30, 2016", Best app ever i had seen
1,"June 8, 2017", Lol app
5,"June 4, 2017", Thank you
1,"March 15, 2017", Bakchod app
1,"December 21, 2016",Hmmm Yah
3,"December 23, 2016",Er Yuip
1,"December 22, 2016", Not working
2,"January 6, 2017", Not clear
5,"April 3, 2016", I  like  it
5,"May 24, 2016",Awsom Shshss
2,"March 15, 2017", How to register
1,"March 2, 2017", Bakwas sala
1,"September 14, 2017", Bakar apps
1,"April 17, 2017", Fddu app
1,"April 21, 2017", Fekk aao
2,"February 7, 2017", donot working
2,"January 1, 2017",Hi Thanks
1,"September 24, 2016", bakvas h
4,"December 12, 2016",Momer Thape
5,"August 13, 2016",Gud Luving it
3,"February 21, 2017", Hey  guys  are
3,"March 24, 2017", Not workƒ±ng
4,"February 3, 2017", OK ok
5,"April 3, 2016", Boss app
5,"September 16, 2016",Ankit +1
3,"January 1, 2017",Super Ok
5,"July 7, 2016",superb app. I realy enjoy this app
5,"June 8, 2017", 1 n
1,"May 26, 2017", Very poor
5,"April 4, 2016", You know that I love playing it
5,"April 4, 2016",Awesome It s so good
5,"April 3, 2016",Wow Nice apps I love it
5,"June 24, 2016",Wow great I love this app
5,"May 20, 2016",Very good It was awesome dear
5,"April 4, 2016",Good It is really helpful application
5,"April 3, 2016",Awesum I love it it is fun and awesome :)
5,"April 4, 2016",Good Easy to use and prank
5,"April 4, 2016",Easy to use This app is awesome
5,"June 29, 2017", Plz give at least 100 balance
5,"April 3, 2016",I am using app . lovely app I am using app . lovely app
5,"April 6, 2016",Awesome This app is awesome!
1,"February 6, 2017", ‡§Ö‡§ñ‡§Ç‡§° ‡§π‡•Å‡§§‡§ø‡§Ø‡§æ‡§™‡§æ
1,"January 19, 2017", Worest app
1,"October 6, 2017", Totally sucks
5,"October 26, 2017", bahut neek
1,"October 3, 2017", Faltu hai
5,"August 19, 2017", Farzi wada
4,"October 24, 2017", Bakwas app
5,"October 24, 2017", Crradit problrm
5,"August 12, 2016", Thanks for this app
3,"July 29, 2017",Ravindra Chauhan
5,"July 4, 2016", Fav app
5,"September 1, 2016",Loveu Thana
5,"October 25, 2016", Really funny
5,"July 11, 2016",+1 like it
1,"July 21, 2017", Bed aapp
1,"October 18, 2017", Bakwass app
4,"February 21, 2017", Shankara Raj
5,"May 2, 2016",GUd Gud
1,"November 19, 2017", Bad service
1,"June 26, 2017", Wrost app
1,"July 18, 2017", Not working
1,"May 27, 2017", Fake App
1,"September 20, 2017", Stupid app
5,"July 2, 2017", Nic app
1,"April 25, 2017", West of time
1,"July 8, 2017", 3rd class
5,"January 31, 2017", Sale kutte
5,"April 3, 2016", Oooooh babby
1,"June 26, 2017", Not working
5,"April 3, 2016", Disciple ship
5,"August 29, 2017", Not no
1,"September 18, 2016", It's an amazing helpful app.
1,"August 5, 2017", Not working...
1,"April 18, 2017", Fake app
1,"June 12, 2017", Fake app
1,"July 24, 2017", This is fake
2,"August 19, 2017", Totaly fake
1,"January 20, 2017", Not good
4,"June 11, 2017", Stupid app
1,"September 26, 2017", Not good
1,"January 8, 2017", I hate
1,"February 17, 2017", Waste app
5,"April 3, 2016", So Coolllllllllllllllllllllllll !!!!!!!!!!!So Coolllllllllllllllllllllllll !!!!!!!!!!!
5,"April 4, 2016", Bad und
2,"July 2, 2017", Worst app
1,"May 26, 2017", Worst app
1,"July 5, 2017", Bad app
1,"March 28, 2017", Waste app
1,"April 28, 2017", Worst application
1,"April 9, 2017", Bad fake
1,"June 14, 2017", Waste of time
1,"October 15, 2017", Waste of net
1,"October 5, 2017", Very bad
1,"December 7, 2016", Bad apppppppppppppppppppppppp
1,"October 8, 2017", Waste of time
5,"April 4, 2016",Great app...must download Great thanks
5,"December 19, 2016",Hello I Hello
5,"September 4, 2016",I loved it It's amazing
5,"August 21, 2016",Luv ths I luv this app..
5,"July 18, 2016",Super Super app
5,"March 2, 2017", That's really good app
5,"February 18, 2017", That So Cool  App I ever seen.....
1,"May 14, 2017", Do not download doesn't work
5,"September 19, 2017", It's Working...
5,"June 27, 2016", Good experience too much fun...
4,"February 7, 2017", Nothing's
5,"May 1, 2016", Yes! Good app
5,"September 12, 2016",Gud Nice its working
5,"February 2, 2017", Very nice and workable application
5,"June 30, 2016", Every function is so capable
1,"October 1, 2017", This is very good app
5,"April 4, 2016",Useful app Very handy
5,"September 18, 2016",Nice apps Best working
5,"April 4, 2016",Loved it It is really useful
5,"August 20, 2016",I love it Nice app
5,"August 6, 2016",Great app Absolutely flawless
5,"May 19, 2016",Awesome Great no words
5,"July 17, 2016",Awsome Must use this app
5,"August 27, 2016",Easy to use Best app
5,"April 6, 2016",Excellent Very helpful thanks
4,"April 17, 2016",Vary good Hi laik
5,"September 14, 2016",Super app is very usefull
5,"August 20, 2016",nice id hixer gkoox
5,"February 23, 2017", Is a verry good aap
5,"January 16, 2017",No 1 Work nice
5,"March 16, 2017", This is very good app
5,"August 14, 2016",Best No one beat this
5,"June 28, 2016",Good Add another featured
5,"May 12, 2016",I love  it Nice  Apps
5,"June 24, 2016", It is a very good app
5,"April 6, 2016", Good fast never fails
5,"December 18, 2016",Toooo good Must try
1,"June 13, 2017", Super üëå
4,"February 7, 2017", Its verry usefull app
5,"November 29, 2016",Nice wonderful Faadu h
5,"April 3, 2016", It works perfectly well
4,"December 30, 2016",Very good app Osam
5,"April 6, 2016",Great work Awesome!!
5,"August 15, 2016",The Best App Loved it :)
5,"April 4, 2016",Superb No complaints.....excellent app.
5,"July 25, 2016",Amazing app Very good app
5,"August 30, 2016",Nice app Very useful app
5,"August 7, 2016",Awesm app I love this app
5,"September 21, 2016",Nice app Very good app
3,"May 6, 2016",Only good This app is good
5,"August 9, 2016",Raman Osm app it is love this app
5,"May 26, 2016",Awesome It is an amazing app...
5,"April 6, 2016", This is so coooooooool!!!!!!Love this App!
5,"September 23, 2017"," ""it is a app very useful"
1,"October 26, 2017", Very .........app. no words to say
5,"August 31, 2016", Aweeeesome...
5,"April 4, 2016",Super Good point.
5,"February 5, 2017", It's too amazing
5,"April 6, 2016",Awesome Good app.
1,"April 2, 2017", Not working ...fake app
5,"September 4, 2016",The best Love it!!!!
5,"July 9, 2016",Best It's really best...
5,"April 8, 2017", Bakwaas
5,"September 17, 2016", E
1,"March 7, 2017", Bakwas
5,"May 22, 2017", Kdk
5,"April 4, 2016",Nice app.. GreatLol
1,"September 9, 2016",bad bad bad hated it
5,"April 3, 2016", I. Love this. App
5,"May 27, 2016", Nice app for fun..
5,"April 4, 2016", Lolololol awesome!
5,"September 23, 2016",Hit Nice one
5,"April 4, 2016", Great app. Like it.
5,"May 31, 2016",+1 Good app
5,"January 21, 2017", How to get balance
5,"April 25, 2016",Good It is good
5,"June 25, 2016",Nice app Grt
5,"August 24, 2016",Sooper Nice app
5,"May 14, 2017", I love this app
5,"April 19, 2016",+1 Good app
5,"December 18, 2016",Awesome Cant believe
5,"September 12, 2016",Useful Super app
5,"August 10, 2016",+1 Best app
3,"March 9, 2017", How to unlimited call
5,"April 6, 2016", It seemed realistic
5,"September 21, 2016",+1 Very nice
5,"August 24, 2016",Good Nice app
5,"September 19, 2016",Loved it Awesome app
5,"January 14, 2017",Working good Nice
5,"October 8, 2017", Super and awesome app
5,"September 4, 2017", Very nice application
5,"June 9, 2016", +1 this is good app
5,"April 4, 2016", Works goodWorks good
5,"April 6, 2016", Needs more work
5,"September 27, 2016",Gud Nice app
5,"April 3, 2016",Nice Fine app
5,"April 4, 2016",Awesome down p
3,"February 4, 2017", This very nice
5,"July 21, 2016",Waoooo Amazing appp
5,"August 7, 2016", Very nice app
4,"November 8, 2016",Really super Awesome
5,"September 20, 2016",1 Very good
4,"August 9, 2016",Gud I love it
5,"April 4, 2016",Great app Well
5,"April 3, 2016",BC Best hai
5,"July 22, 2017", Very good aap
5,"April 4, 2016",Best app Bosku
5,"April 3, 2016",Lovely Libra to all
5,"September 22, 2016",+1 V good
5,"November 10, 2017", nice app wit
5,"October 15, 2016",+1 +1
5,"April 4, 2016", I love this app
5,"April 4, 2016", Work very well
5,"August 2, 2016", Its very nice
1,"July 1, 2016",i love yousow bbh
5,"July 31, 2017", Nice app for young
5,"October 6, 2016",Nice app Good
5,"September 3, 2016",Best app +1
5,"April 29, 2016", wonder full app
2,"May 27, 2017", TOO LESS BALANCE
5,"June 4, 2017", Very good app
5,"February 19, 2018", Very nice app
5,"July 16, 2018", Very nice app
5,"April 4, 2016",Awesome Superb app..Loved it..Superb app..Loved it..
1,"October 8, 2017", Bakwaas....
5,"January 30, 2017", Outstanding  Mindbloing
5,"April 3, 2016", Hahhaha love it ... (y)
5,"April 6, 2016", I love this application....
5,"April 4, 2016",Good app Happy with this app
5,"August 6, 2016",best app ever this is the best app
5,"May 19, 2016",Good app Good fakeing  app
5,"April 5, 2016", description
1,"July 13, 2017", nothinh
1,"June 26, 2017", ‡¥´‡µá‡¥ï‡µç‡¥ï‡µç
5,"December 21, 2016", Gggg
5,"April 3, 2016", wtuoo
5,"May 31, 2016", +1
3,"June 1, 2017", Lick
5,"December 5, 2017", Nic
5,"April 4, 2016", dhaka
5,"October 28, 2016", Super
5,"October 28, 2017", think
1,"October 28, 2017", Bakwas
5,"December 7, 2016", +1
1,"September 15, 2017", BC
1,"July 17, 2016", Ausm
5,"May 12, 2016", +1
5,"August 7, 2016", Awsm
1,"March 4, 2017", Fuddu
1,"July 10, 2017", Bakwaas
5,"May 26, 2016", +1
1,"March 6, 2017", bakwas
5,"April 3, 2016", Raju
5,"September 22, 2016", gud
5,"November 5, 2016", Like it
5,"July 28, 2016", +1
5,"September 15, 2016", +1
5,"July 26, 2016", +1
1,"October 24, 2017", Maines
5,"August 13, 2016", +1
5,"December 25, 2017", Thanks
5,"May 19, 2016", +1
5,"March 6, 2017", Ok
1,"August 18, 2017", Vaste
5,"August 10, 2016", Bdiya
1,"October 25, 2017", Bakwas
4,"December 30, 2016", Like it
5,"April 3, 2016", Worth it
1,"May 18, 2017", Bakwaas
5,"May 11, 2017", Rchace
5,"July 19, 2016", Awsm
5,"September 2, 2016", +1
1,"March 10, 2017", No
5,"September 10, 2016", +1
5,"April 28, 2017", Nic
5,"August 6, 2016", +1
2,"November 4, 2016", Hhu
5,"April 4, 2016", ee
5,"October 11, 2017", Yes
5,"July 17, 2016", hi
5,"August 10, 2016", +1
5,"September 20, 2017", Ye
1,"March 1, 2017", ‡™ñ‡™∞‡™æ‡™¨
5,"April 3, 2016", Lab
1,"March 1, 2017", Feku
5,"June 20, 2016", Wow
1,"May 5, 2017", Bkwas
5,"May 14, 2016", Lovd it
5,"April 3, 2016", Gopd
5,"April 4, 2016", Kyaw
5,"July 6, 2016", +1
5,"November 19, 2016", Gufran
5,"January 20, 2017", Bauna
1,"April 20, 2017", Wth
5,"May 22, 2016", +1
5,"June 3, 2017", Ommkar
1,"August 3, 2016", Chutiyapa
5,"August 21, 2016", Ok
5,"July 23, 2017", Bob
1,"August 25, 2016", +1
5,"August 11, 2017", Hay
1,"May 16, 2017", False
5,"September 10, 2017", Aosomm
5,"July 21, 2016", Ok
4,"August 19, 2017", Hameeeeeee
5,"May 26, 2016", +1
5,"August 16, 2016", +1
5,"September 7, 2017", Yes
1,"April 23, 2017", Bakwas
